customer_id,tenure_months,monthly_charges,support_tickets,contract_type,payment_method,total_charges,churn,avg_monthly_value,expected_annual_value
1,7,38.64,2,Month-to-month,Bank transfer,284.2,1,35.525,426.29999999999995
2,55,45.47,2,One year,Credit card,2423.15,0,43.270535714285714,519.2464285714286
3,47,36.67,2,Month-to-month,Credit card,1736.12,0,36.16916666666666,434.03
4,32,62.78,1,One year,Bank transfer,2006.67,1,60.80818181818182,729.6981818181819
5,31,85.16,2,One year,Bank transfer,2646.46,1,82.701875,992.4225
6,61,35.11,1,Month-to-month,Credit card,2143.49,0,34.57241935483871,414.8690322580645
7,7,46.38,2,Month-to-month,Bank transfer,337.62,1,42.2025,506.43
8,50,112.34,3,Month-to-month,Bank transfer,5683.87,1,111.44843137254902,1337.3811764705883
9,15,15.34,2,One year,Bank transfer,171.12,0,10.695,128.34
10,7,60.68,1,Month-to-month,Credit card,407.65,1,50.95625,611.4749999999999
11,38,88.27,2,Two year,Credit card,3387.59,0,86.86128205128206,1042.3353846153848
12,70,26.55,0,Month-to-month,Mailed check,1882.55,0,26.514788732394365,318.1774647887324
13,53,15.21,1,One year,Bank transfer,829.1,0,15.353703703703705,184.24444444444447
14,55,25.2,0,Month-to-month,Credit card,1523.68,1,27.208571428571428,326.5028571428571
15,51,111.07,0,Month-to-month,Mailed check,5695.28,1,109.52461538461537,1314.2953846153846
16,56,11.02,2,Month-to-month,Credit card,673.67,1,11.81877192982456,141.8252631578947
17,37,30.72,0,Month-to-month,Bank transfer,1121.29,0,29.507631578947368,354.0915789473684
18,10,13.44,3,Two year,Bank transfer,84.75,0,7.704545454545454,92.45454545454545
19,60,22.17,0,Month-to-month,Mailed check,1314.48,0,21.548852459016395,258.58622950819677
20,32,78.22,0,Month-to-month,Mailed check,2538.64,1,76.92848484848484,923.141818181818
21,36,36.58,1,Month-to-month,Credit card,1337.22,0,36.14108108108108,433.692972972973
22,27,72.61,0,Month-to-month,Bank transfer,1980.63,0,70.73678571428572,848.8414285714287
23,13,74.92,3,Two year,Credit card,963.24,1,68.80285714285715,825.6342857142859
24,66,103.44,1,Two year,Bank transfer,6808.35,1,101.61716417910448,1219.4059701492538
25,56,10.52,1,Two year,Bank transfer,580.13,0,10.177719298245615,122.13263157894738
26,46,103.87,1,Month-to-month,Credit card,4814.24,1,102.43063829787233,1229.167659574468
27,29,78.1,2,Month-to-month,Credit card,2306.94,1,76.898,922.776
28,59,27.9,1,One year,Credit card,1595.79,0,26.5965,319.158
29,39,95.02,1,Month-to-month,Credit card,3743.9,1,93.5975,1123.17
30,32,104.1,0,One year,Credit card,3298.66,0,99.95939393939393,1199.5127272727273
31,32,37.97,3,Month-to-month,Mailed check,1238.49,1,37.53,450.36
32,17,111.07,0,Month-to-month,Bank transfer,1878.59,1,104.36611111111111,1252.3933333333334
33,7,59.99,1,Two year,Bank transfer,498.22,1,62.2775,747.33
34,40,76.38,0,Month-to-month,Mailed check,3034.3,0,74.00731707317074,888.0878048780489
35,64,118.31,1,Two year,Bank transfer,7580.77,1,116.62723076923078,1399.5267692307693
36,5,49.77,0,Month-to-month,Credit card,279.18,1,46.53,558.36
37,61,99.45,1,Month-to-month,Mailed check,6022.75,0,97.14112903225806,1165.6935483870968
38,59,45.02,1,Month-to-month,Bank transfer,2652.54,1,44.208999999999996,530.5079999999999
39,20,97.91,1,Month-to-month,Bank transfer,1944.87,0,92.61285714285714,1111.3542857142857
40,45,76.08,1,Month-to-month,Mailed check,3397.91,0,73.86760869565217,886.411304347826
41,12,33.8,2,Month-to-month,Bank transfer,383.61,0,29.50846153846154,354.10153846153844
42,54,55.54,0,One year,Bank transfer,3054.76,0,55.54109090909091,666.4930909090909
43,50,44.94,0,Two year,Mailed check,2217.07,0,43.47196078431373,521.6635294117648
44,26,18.59,0,Month-to-month,Bank transfer,511.66,1,18.950370370370372,227.40444444444447
45,5,13.28,1,Month-to-month,Mailed check,82.13,0,13.688333333333333,164.26
46,69,48.11,1,Month-to-month,Credit card,3249.74,0,46.42485714285714,557.0982857142857
47,32,12.09,2,One year,Credit card,412.84,0,12.51030303030303,150.12363636363636
48,64,28.2,0,Month-to-month,Bank transfer,1734.12,0,26.67876923076923,320.14523076923075
49,49,89.77,0,Month-to-month,Credit card,4430.13,0,88.6026,1063.2312
50,56,87.89,1,Month-to-month,Mailed check,4896.48,0,85.90315789473684,1030.837894736842
51,54,91.24,1,Month-to-month,Credit card,4927.38,1,89.58872727272727,1075.0647272727272
52,14,44.89,2,Month-to-month,Bank transfer,563.75,1,37.583333333333336,451.0
53,26,107.9,1,Month-to-month,Credit card,2811.52,1,104.13037037037037,1249.5644444444445
54,34,75.32,1,Two year,Mailed check,2607.23,0,74.49228571428571,893.9074285714286
55,36,23.86,2,Month-to-month,Credit card,818.61,1,22.124594594594594,265.4951351351351
56,4,25.81,1,Month-to-month,Credit card,72.88,0,14.575999999999999,174.91199999999998
57,39,86.24,1,Month-to-month,Credit card,3386.09,0,84.65225000000001,1015.8270000000001
58,11,29.02,1,Month-to-month,Bank transfer,343.2,0,28.599999999999998,343.2
59,53,65.8,1,Month-to-month,Mailed check,3365.69,0,62.327592592592595,747.9311111111111
60,49,119.1,0,Month-to-month,Mailed check,5936.67,0,118.7334,1424.8008
61,66,10.44,1,Month-to-month,Credit card,715.47,1,10.67865671641791,128.1438805970149
62,53,11.82,2,One year,Bank transfer,661.31,1,12.24648148148148,146.95777777777775
63,27,119.24,2,Month-to-month,Credit card,3212.3,1,114.72500000000001,1376.7
64,69,74.31,0,Two year,Bank transfer,5034.62,0,71.92314285714285,863.0777142857141
65,30,23.96,0,Month-to-month,Bank transfer,752.54,0,24.27548387096774,291.30580645161285
66,24,108.7,0,Month-to-month,Credit card,2580.54,1,103.2216,1238.6592
67,65,106.84,2,Two year,Bank transfer,6971.8,1,105.63333333333334,1267.6000000000001
68,27,68.98,1,One year,Mailed check,1851.52,0,66.12571428571428,793.5085714285714
69,6,78.4,2,Month-to-month,Credit card,482.3,1,68.9,826.8000000000001
70,34,40.05,0,One year,Credit card,1322.95,0,37.79857142857143,453.58285714285716
71,57,15.56,2,Month-to-month,Credit card,930.14,0,16.036896551724137,192.44275862068963
72,14,75.4,0,Month-to-month,Credit card,996.18,1,66.41199999999999,796.944
73,33,42.42,0,One year,Credit card,1512.14,0,44.47470588235294,533.6964705882353
74,10,83.0,2,One year,Bank transfer,941.9,1,85.62727272727273,1027.5272727272727
75,49,101.99,3,Month-to-month,Credit card,5079.14,1,101.5828,1218.9936
76,34,12.0,1,One year,Bank transfer,471.77,0,13.479142857142856,161.74971428571428
77,24,75.53,2,Month-to-month,Mailed check,1808.49,1,72.3396,868.0752
78,17,35.44,2,Month-to-month,Mailed check,660.81,0,36.711666666666666,440.53999999999996
79,41,106.13,1,Two year,Bank transfer,4346.52,1,103.48857142857143,1241.8628571428571
80,48,37.9,0,Month-to-month,Credit card,1741.52,1,35.541224489795916,426.49469387755096
81,67,77.18,1,Month-to-month,Credit card,5246.22,0,77.15029411764706,925.8035294117648
82,32,70.89,1,Month-to-month,Credit card,2324.92,0,70.45212121212121,845.4254545454546
83,12,53.58,0,Month-to-month,Mailed check,641.39,1,49.33769230769231,592.0523076923077
84,60,84.54,1,Month-to-month,Mailed check,5011.14,0,82.14983606557378,985.7980327868854
85,45,89.83,2,Two year,Credit card,4013.04,1,87.24,1046.8799999999999
86,50,72.36,3,One year,Credit card,3526.94,0,69.1556862745098,829.8682352941177
87,7,93.43,2,One year,Bank transfer,701.26,1,87.6575,1051.8899999999999
88,23,118.18,3,Month-to-month,Credit card,2637.97,1,109.91541666666666,1318.985
89,55,56.12,3,Month-to-month,Mailed check,3100.94,0,55.37392857142857,664.4871428571429
90,60,66.6,0,Month-to-month,Credit card,3953.82,0,64.81672131147542,777.800655737705
91,31,11.37,1,Month-to-month,Credit card,281.13,0,8.7853125,105.42375
92,58,97.56,1,Month-to-month,Credit card,5670.4,1,96.10847457627118,1153.301694915254
93,60,67.23,1,One year,Credit card,4017.11,1,65.85426229508197,790.2511475409835
94,28,54.88,2,Two year,Credit card,1578.55,0,54.432758620689654,653.1931034482759
95,64,20.35,3,Month-to-month,Mailed check,1239.02,0,19.061846153846155,228.74215384615385
96,21,107.86,1,Month-to-month,Credit card,2227.19,0,101.23590909090909,1214.830909090909
97,18,53.45,0,One year,Bank transfer,842.72,0,44.35368421052632,532.2442105263158
98,49,85.08,3,Month-to-month,Credit card,4059.7,0,81.194,974.328
99,46,26.43,1,Two year,Credit card,1305.69,0,27.78063829787234,333.36765957446806
100,10,115.77,3,Month-to-month,Credit card,1261.88,1,114.71636363636365,1376.5963636363638
101,60,29.63,1,Month-to-month,Credit card,1782.44,0,29.22032786885246,350.6439344262295
102,15,31.95,3,Month-to-month,Credit card,438.06,1,27.37875,328.545
103,58,104.49,0,Two year,Credit card,6045.5,1,102.46610169491525,1229.593220338983
104,1,110.38,0,Month-to-month,Mailed check,154.06,1,77.03,924.36
105,57,33.34,0,One year,Bank transfer,1874.66,0,32.321724137931035,387.86068965517245
106,56,61.68,2,Month-to-month,Mailed check,3465.96,0,60.806315789473686,729.6757894736843
107,56,90.68,0,Month-to-month,Credit card,5077.44,1,89.0778947368421,1068.9347368421052
108,48,106.62,0,Two year,Bank transfer,5089.32,0,103.86367346938775,1246.3640816326529
109,34,51.7,1,Month-to-month,Bank transfer,1731.49,1,49.47114285714286,593.6537142857143
110,51,66.87,1,Month-to-month,Credit card,3425.04,1,65.86615384615385,790.3938461538462
111,20,91.59,1,Month-to-month,Credit card,1782.96,0,84.90285714285714,1018.8342857142857
112,56,90.42,2,Two year,Bank transfer,5086.11,0,89.22999999999999,1070.7599999999998
113,40,96.13,0,Month-to-month,Bank transfer,3821.62,0,93.21024390243902,1118.5229268292683
114,33,72.69,3,Month-to-month,Bank transfer,2405.14,0,70.73941176470588,848.8729411764705
115,36,21.51,0,Two year,Credit card,843.56,0,22.79891891891892,273.58702702702703
116,41,109.44,2,One year,Mailed check,4478.63,1,106.63404761904762,1279.6085714285714
117,3,105.21,3,Two year,Credit card,361.62,1,90.405,1084.8600000000001
118,10,97.79,0,One year,Mailed check,888.3,0,80.75454545454545,969.0545454545454
119,18,20.98,4,One year,Mailed check,354.12,0,18.637894736842107,223.65473684210528
120,9,32.48,1,Month-to-month,Mailed check,293.7,1,29.369999999999997,352.43999999999994
121,32,91.8,0,Month-to-month,Bank transfer,3033.77,1,91.93242424242425,1103.189090909091
122,48,12.55,0,One year,Credit card,504.4,0,10.293877551020408,123.5265306122449
123,47,117.71,1,One year,Bank transfer,5527.56,1,115.15750000000001,1381.89
124,34,51.49,0,Two year,Bank transfer,1823.49,0,52.099714285714285,625.1965714285714
125,61,89.12,1,Month-to-month,Bank transfer,5397.07,1,87.04951612903226,1044.594193548387
126,41,107.63,0,Month-to-month,Credit card,4402.19,1,104.81404761904761,1257.7685714285712
127,6,53.41,1,Month-to-month,Credit card,337.05,0,48.15,577.8
128,55,45.1,2,One year,Credit card,2489.73,0,44.45946428571428,533.5135714285714
129,41,76.96,4,Month-to-month,Bank transfer,3233.65,1,76.99166666666667,923.9000000000001
130,46,73.91,2,One year,Bank transfer,3422.28,1,72.81446808510638,873.7736170212766
131,41,55.01,3,Month-to-month,Mailed check,2321.8,1,55.280952380952385,663.3714285714286
132,40,76.2,0,Month-to-month,Bank transfer,3030.0,1,73.90243902439025,886.829268292683
133,7,112.89,1,Month-to-month,Bank transfer,753.2,1,94.15,1129.8000000000002
134,40,61.44,1,One year,Credit card,2446.31,1,59.66609756097561,715.9931707317073
135,57,31.64,0,Two year,Bank transfer,1745.52,0,30.095172413793104,361.14206896551724
136,22,51.49,1,Month-to-month,Credit card,1156.96,1,50.302608695652175,603.6313043478261
137,43,53.35,1,Month-to-month,Credit card,2274.76,1,51.69909090909091,620.389090909091
138,3,24.42,1,Month-to-month,Credit card,39.67,0,9.9175,119.01
139,25,27.92,1,Month-to-month,Credit card,722.93,1,27.805,333.65999999999997
140,32,85.3,2,Month-to-month,Credit card,2672.41,1,80.98212121212121,971.7854545454545
141,70,47.34,1,Two year,Bank transfer,3352.33,0,47.21591549295775,566.590985915493
142,16,115.04,0,Two year,Credit card,1816.72,1,106.86588235294118,1282.3905882352942
143,20,36.8,1,Month-to-month,Credit card,793.95,0,37.80714285714286,453.6857142857143
144,30,20.88,3,Month-to-month,Credit card,606.76,0,19.572903225806453,234.87483870967742
145,71,92.89,1,Month-to-month,Bank transfer,6626.79,0,92.03875,1104.465
146,61,106.91,0,Month-to-month,Bank transfer,6530.49,1,105.33048387096774,1263.965806451613
147,3,40.59,0,Month-to-month,Credit card,158.97,0,39.7425,476.90999999999997
148,17,32.23,2,One year,Credit card,553.41,0,30.744999999999997,368.93999999999994
149,59,30.43,3,Month-to-month,Mailed check,1712.2,0,28.53666666666667,342.44000000000005
150,5,67.42,3,One year,Bank transfer,387.54,1,64.59,775.08
151,61,61.53,1,Month-to-month,Bank transfer,3748.95,1,60.46693548387096,725.6032258064515
152,20,38.54,1,One year,Bank transfer,810.28,0,38.584761904761905,463.01714285714286
153,66,14.97,0,One year,Mailed check,1022.53,0,15.261641791044775,183.1397014925373
154,21,62.96,0,Month-to-month,Mailed check,1283.5,1,58.34090909090909,700.0909090909091
155,31,115.53,1,Month-to-month,Credit card,3535.69,1,110.4903125,1325.88375
156,47,81.78,0,One year,Bank transfer,3876.43,0,80.75895833333333,969.1074999999998
157,9,64.51,1,One year,Credit card,565.43,1,56.54299999999999,678.5159999999998
158,40,22.18,3,Month-to-month,Bank transfer,934.02,1,22.780975609756098,273.3717073170732
159,36,37.77,0,Month-to-month,Credit card,1350.81,0,36.508378378378374,438.10054054054046
160,56,42.43,1,Month-to-month,Credit card,2427.25,0,42.583333333333336,511.0
161,71,94.13,3,One year,Mailed check,6704.4,0,93.11666666666666,1117.3999999999999
162,48,106.44,2,One year,Mailed check,5123.52,0,104.56163265306124,1254.739591836735
163,30,109.18,0,Month-to-month,Credit card,3256.7,1,105.05483870967741,1260.658064516129
164,29,118.3,0,One year,Mailed check,3442.32,1,114.744,1376.9279999999999
165,30,118.06,1,One year,Credit card,3601.44,1,116.17548387096774,1394.1058064516128
166,58,114.83,1,One year,Bank transfer,6657.43,1,112.83779661016949,1354.0535593220338
167,23,17.9,3,Month-to-month,Mailed check,438.26,0,18.260833333333334,219.13
168,12,25.16,0,Month-to-month,Credit card,304.24,0,23.403076923076924,280.8369230769231
169,24,43.49,1,Month-to-month,Bank transfer,1049.99,1,41.9996,503.9952
170,2,70.82,5,Month-to-month,Bank transfer,227.81,1,75.93666666666667,911.24
171,8,20.67,2,Month-to-month,Credit card,225.45,1,25.049999999999997,300.59999999999997
172,7,103.04,1,Month-to-month,Credit card,725.25,1,90.65625,1087.875
173,55,77.84,0,Month-to-month,Credit card,4291.92,0,76.64142857142858,919.6971428571429
174,52,69.66,0,One year,Bank transfer,3587.23,0,67.68358490566038,812.2030188679246
175,50,28.18,0,Month-to-month,Credit card,1400.35,1,27.4578431372549,329.49411764705883
176,33,37.86,2,One year,Credit card,1264.85,0,37.20147058823529,446.4176470588235
177,51,27.63,1,Month-to-month,Bank transfer,1451.66,0,27.91653846153846,334.9984615384615
178,12,103.71,1,Month-to-month,Credit card,1281.98,0,98.61384615384615,1183.3661538461538
179,64,74.27,1,Month-to-month,Credit card,4697.82,0,72.27415384615384,867.289846153846
180,36,90.86,3,One year,Bank transfer,3319.81,1,89.72459459459459,1076.6951351351352
181,67,42.56,0,One year,Bank transfer,2847.08,0,41.86882352941176,502.42588235294113
182,11,50.84,4,Month-to-month,Credit card,509.89,1,42.490833333333335,509.89
183,36,54.53,3,One year,Mailed check,2029.9,0,54.862162162162164,658.3459459459459
184,50,93.6,2,Month-to-month,Bank transfer,4753.16,1,93.19921568627451,1118.3905882352942
185,36,94.96,1,Month-to-month,Credit card,3431.75,1,92.75,1113.0
186,32,32.75,0,Month-to-month,Bank transfer,1083.44,0,32.831515151515156,393.97818181818184
187,12,113.57,2,Month-to-month,Bank transfer,1401.21,1,107.78538461538461,1293.4246153846154
188,28,23.27,0,Month-to-month,Bank transfer,721.35,0,24.874137931034483,298.4896551724138
189,17,108.57,3,Two year,Bank transfer,1882.09,1,104.56055555555555,1254.7266666666667
190,22,21.04,1,Month-to-month,Bank transfer,396.5,0,17.23913043478261,206.8695652173913
191,49,39.1,1,Month-to-month,Mailed check,2016.39,0,40.3278,483.93360000000007
192,45,103.11,1,Month-to-month,Bank transfer,4693.23,0,102.02673913043478,1224.3208695652174
193,44,29.74,1,Month-to-month,Mailed check,1283.08,1,28.512888888888888,342.1546666666667
194,26,55.49,2,Month-to-month,Bank transfer,1391.26,1,51.52814814814815,618.3377777777778
195,69,59.48,1,Two year,Mailed check,4129.36,1,58.99085714285714,707.8902857142857
196,7,36.98,1,One year,Mailed check,244.95,1,30.61875,367.42499999999995
197,25,88.13,1,Month-to-month,Credit card,2219.75,1,85.375,1024.5
198,9,103.65,1,One year,Credit card,970.02,1,97.002,1164.024
199,25,106.2,1,Month-to-month,Bank transfer,2626.68,1,101.02615384615385,1212.313846153846
200,69,47.33,2,Month-to-month,Credit card,3209.96,1,45.85657142857143,550.2788571428571
201,27,68.39,3,Month-to-month,Bank transfer,1865.82,0,66.63642857142857,799.6371428571429
202,65,37.32,1,Month-to-month,Bank transfer,2399.13,1,36.35045454545455,436.2054545454546
203,36,36.93,2,Month-to-month,Mailed check,1336.78,1,36.12918918918919,433.5502702702703
204,50,27.74,1,One year,Credit card,1319.83,0,25.879019607843137,310.54823529411766
205,33,113.4,2,Month-to-month,Bank transfer,3729.59,1,109.69382352941177,1316.3258823529413
206,19,107.68,1,Two year,Credit card,2081.67,0,104.0835,1249.002
207,55,95.51,0,One year,Bank transfer,5283.35,1,94.34553571428572,1132.1464285714287
208,69,66.94,2,One year,Credit card,4579.44,0,65.42057142857142,785.0468571428571
209,19,63.97,0,One year,Bank transfer,1157.02,0,57.851,694.212
210,56,68.27,0,Two year,Bank transfer,3823.91,0,67.08614035087719,805.0336842105262
211,19,69.02,1,Month-to-month,Bank transfer,1339.43,0,66.9715,803.6580000000001
212,51,57.8,2,Month-to-month,Bank transfer,2968.06,0,57.07807692307692,684.936923076923
213,57,24.49,1,Month-to-month,Credit card,1370.32,0,23.62620689655172,283.51448275862066
214,32,23.82,1,Two year,Credit card,777.13,0,23.54939393939394,282.5927272727273
215,53,114.75,1,Month-to-month,Credit card,6156.87,0,114.01611111111112,1368.1933333333334
216,20,63.02,2,Month-to-month,Mailed check,1270.66,1,60.50761904761905,726.0914285714287
217,6,114.85,2,One year,Mailed check,607.44,1,86.77714285714286,1041.3257142857144
218,7,27.99,0,Month-to-month,Credit card,206.09,1,25.76125,309.135
219,32,70.99,1,Two year,Credit card,2373.88,1,71.93575757575758,863.2290909090909
220,65,32.85,0,Month-to-month,Credit card,2070.88,0,31.3769696969697,376.5236363636364
221,10,37.85,1,Month-to-month,Bank transfer,379.99,1,34.54454545454546,414.5345454545455
222,33,13.31,2,Month-to-month,Credit card,427.91,0,12.585588235294118,151.02705882352942
223,50,23.08,0,Month-to-month,Credit card,1158.79,1,22.721372549019605,272.65647058823527
224,15,110.85,1,Month-to-month,Credit card,1672.46,1,104.52875,1254.345
225,52,45.37,1,Month-to-month,Credit card,2416.24,0,45.589433962264145,547.0732075471698
226,22,76.89,1,Month-to-month,Credit card,1695.82,1,73.73130434782608,884.7756521739129
227,58,61.15,0,One year,Credit card,3610.56,0,61.19593220338983,734.351186440678
228,42,54.05,1,Two year,Bank transfer,2264.22,1,52.656279069767436,631.8753488372092
229,39,68.51,0,Month-to-month,Bank transfer,2654.38,1,66.3595,796.314
230,13,30.6,2,Month-to-month,Credit card,364.34,0,26.024285714285714,312.2914285714286
231,33,118.75,4,Month-to-month,Bank transfer,3827.9,1,112.58529411764707,1351.0235294117647
232,61,100.01,3,Two year,Bank transfer,6114.4,0,98.61935483870967,1183.432258064516
233,2,91.58,1,One year,Bank transfer,285.86,0,95.28666666666668,1143.44
234,54,61.56,2,Month-to-month,Mailed check,3347.15,0,60.85727272727273,730.2872727272727
235,35,26.82,2,Month-to-month,Credit card,973.04,0,27.028888888888886,324.34666666666664
236,52,111.27,2,Two year,Mailed check,5765.39,0,108.78094339622642,1305.371320754717
237,48,47.55,1,Two year,Bank transfer,2270.18,0,46.33020408163265,555.9624489795918
238,31,15.51,2,Month-to-month,Bank transfer,530.04,1,16.56375,198.765
239,22,47.66,0,One year,Credit card,1148.95,1,49.95434782608696,599.4521739130435
240,45,97.39,0,Month-to-month,Credit card,4456.95,1,96.89021739130435,1162.682608695652
241,10,78.5,0,Month-to-month,Credit card,825.26,1,75.02363636363636,900.2836363636363
242,42,92.59,1,One year,Mailed check,3890.54,0,90.47767441860465,1085.7320930232559
243,7,97.3,0,Month-to-month,Bank transfer,691.59,1,86.44875,1037.385
244,47,33.32,2,Month-to-month,Credit card,1528.36,1,31.840833333333332,382.09
245,45,111.62,3,Two year,Bank transfer,4950.49,0,107.61934782608695,1291.4321739130435
246,6,58.18,4,One year,Credit card,292.74,1,41.82,501.84000000000003
247,54,80.29,1,Month-to-month,Credit card,4338.15,0,78.87545454545455,946.5054545454545
248,30,10.25,3,One year,Bank transfer,292.9,1,9.448387096774193,113.38064516129032
249,56,119.27,1,One year,Bank transfer,6605.65,1,115.88859649122806,1390.6631578947367
250,3,40.9,0,Month-to-month,Bank transfer,120.83,1,30.2075,362.49
251,13,16.83,1,Two year,Bank transfer,202.87,0,14.490714285714287,173.88857142857142
252,36,60.41,0,One year,Bank transfer,2116.12,1,57.192432432432426,686.309189189189
253,14,24.19,0,Month-to-month,Mailed check,320.15,1,21.34333333333333,256.11999999999995
254,24,26.76,0,Month-to-month,Credit card,626.19,0,25.047600000000003,300.57120000000003
255,47,79.55,2,One year,Bank transfer,3708.02,1,77.25041666666667,927.005
256,11,53.22,0,Two year,Bank transfer,631.75,0,52.645833333333336,631.75
257,49,111.4,1,Month-to-month,Credit card,5363.45,1,107.26899999999999,1287.2279999999998
258,8,45.11,1,Month-to-month,Credit card,261.59,1,29.06555555555555,348.78666666666663
259,13,89.88,1,One year,Credit card,1168.6,1,83.47142857142856,1001.6571428571427
260,42,60.72,1,Month-to-month,Credit card,2555.05,0,59.41976744186047,713.0372093023257
261,57,82.59,4,Month-to-month,Bank transfer,4727.84,0,81.51448275862069,978.1737931034482
262,13,75.97,2,Two year,Credit card,960.66,0,68.61857142857143,823.4228571428571
263,22,62.01,1,One year,Bank transfer,1318.32,0,57.318260869565215,687.8191304347826
264,66,114.51,3,Two year,Credit card,7557.29,1,112.79537313432836,1353.5444776119402
265,71,47.7,0,One year,Credit card,3364.62,0,46.73083333333333,560.77
266,42,29.5,1,Month-to-month,Credit card,1316.55,0,30.617441860465114,367.4093023255814
267,32,84.59,2,Two year,Credit card,2690.67,0,81.53545454545454,978.4254545454545
268,25,103.06,0,Month-to-month,Mailed check,2573.84,1,98.99384615384616,1187.926153846154
269,44,14.43,0,Month-to-month,Credit card,758.69,0,16.85977777777778,202.31733333333335
270,42,59.46,1,Two year,Credit card,2487.58,0,57.850697674418605,694.2083720930233
271,21,108.17,0,One year,Credit card,2299.38,0,104.51727272727273,1254.2072727272728
272,2,92.46,1,Two year,Credit card,217.24,0,72.41333333333334,868.96
273,11,119.1,1,Month-to-month,Bank transfer,1346.67,1,112.22250000000001,1346.67
274,69,68.46,1,Two year,Bank transfer,4738.21,0,67.68871428571428,812.2645714285713
275,30,82.6,3,One year,Credit card,2487.69,1,80.24806451612903,962.9767741935484
276,35,43.27,2,One year,Bank transfer,1519.47,0,42.2075,506.49
277,34,114.23,1,Two year,Bank transfer,3855.02,1,110.14342857142857,1321.721142857143
278,56,50.3,0,Month-to-month,Mailed check,2833.08,0,49.70315789473684,596.437894736842
279,5,91.24,1,One year,Bank transfer,557.63,0,92.93833333333333,1115.26
280,6,54.35,1,One year,Credit card,386.63,1,55.23285714285714,662.7942857142857
281,20,71.8,1,One year,Bank transfer,1451.2,0,69.1047619047619,829.2571428571428
282,35,89.18,1,Two year,Mailed check,3164.09,0,87.8913888888889,1054.6966666666667
283,48,65.98,0,One year,Bank transfer,3123.58,0,63.7465306122449,764.9583673469388
284,35,109.78,0,Month-to-month,Mailed check,3829.27,1,106.36861111111111,1276.4233333333332
285,32,56.12,0,Month-to-month,Mailed check,1843.23,1,55.85545454545455,670.2654545454545
286,67,81.18,0,Two year,Credit card,5513.42,1,81.07970588235294,972.9564705882353
287,12,47.66,0,Two year,Bank transfer,533.38,0,41.02923076923077,492.3507692307693
288,41,54.9,1,Two year,Bank transfer,2226.72,0,53.01714285714285,636.2057142857142
289,39,58.41,0,Month-to-month,Bank transfer,2387.06,1,59.6765,716.1179999999999
290,34,23.84,0,Month-to-month,Bank transfer,815.37,0,23.296285714285716,279.5554285714286
291,58,20.09,0,One year,Mailed check,1256.39,0,21.294745762711866,255.53694915254238
292,19,83.42,1,One year,Bank transfer,1595.32,0,79.76599999999999,957.1919999999999
293,68,82.11,1,Month-to-month,Bank transfer,5595.79,0,81.09840579710145,973.1808695652173
294,24,82.92,0,One year,Credit card,1974.81,0,78.9924,947.9088
295,39,12.17,1,Month-to-month,Credit card,521.76,1,13.044,156.52800000000002
296,37,45.92,0,Month-to-month,Mailed check,1766.93,1,46.49815789473684,557.9778947368421
297,61,31.76,0,Month-to-month,Bank transfer,1885.61,0,30.41306451612903,364.95677419354837
298,32,95.6,4,Month-to-month,Credit card,3041.58,0,92.16909090909091,1106.0290909090909
299,21,104.67,1,Month-to-month,Mailed check,2243.82,1,101.99181818181819,1223.9018181818183
300,2,37.13,1,Two year,Mailed check,67.78,1,22.593333333333334,271.12
301,26,83.46,2,One year,Bank transfer,2145.29,1,79.45518518518519,953.4622222222222
302,59,24.23,2,Two year,Credit card,1480.05,0,24.6675,296.01
303,1,40.27,1,Month-to-month,Bank transfer,95.44,0,47.72,572.64
304,64,25.25,3,Month-to-month,Credit card,1593.52,0,24.51569230769231,294.1883076923077
305,39,41.19,2,Month-to-month,Credit card,1617.03,1,40.42575,485.10900000000004
306,10,84.22,0,One year,Bank transfer,781.78,0,71.07090909090908,852.850909090909
307,22,110.14,0,Month-to-month,Mailed check,2378.31,0,103.40478260869565,1240.8573913043479
308,40,32.28,1,One year,Credit card,1297.41,0,31.644146341463415,379.729756097561
309,23,69.63,2,One year,Mailed check,1603.06,0,66.79416666666667,801.53
310,8,87.15,0,Two year,Mailed check,648.86,0,72.09555555555556,865.1466666666668
311,48,114.82,1,Month-to-month,Credit card,5475.56,1,111.7461224489796,1340.9534693877554
312,48,77.11,2,Month-to-month,Credit card,3648.03,0,74.4495918367347,893.3951020408164
313,9,38.06,1,Month-to-month,Bank transfer,365.29,0,36.529,438.34800000000007
314,20,78.8,1,Month-to-month,Bank transfer,1477.62,1,70.36285714285714,844.3542857142857
315,18,45.25,3,One year,Credit card,763.92,0,40.206315789473685,482.47578947368424
316,47,117.37,1,Month-to-month,Bank transfer,5423.24,1,112.98416666666667,1355.81
317,52,53.96,0,One year,Bank transfer,2826.87,0,53.337169811320756,640.046037735849
318,52,85.4,0,Month-to-month,Bank transfer,4350.66,1,82.08792452830188,985.0550943396227
319,67,12.56,1,Two year,Bank transfer,843.11,0,12.398676470588235,148.78411764705882
320,55,54.01,1,Two year,Credit card,3052.53,1,54.50946428571429,654.1135714285715
321,23,106.26,0,Month-to-month,Credit card,2527.65,1,105.31875000000001,1263.825
322,8,77.13,1,Two year,Credit card,526.74,0,58.52666666666667,702.32
323,44,58.83,3,Month-to-month,Mailed check,2603.44,0,57.854222222222226,694.2506666666667
324,66,112.95,1,One year,Mailed check,7405.25,0,110.52611940298507,1326.313432835821
325,70,103.94,2,Two year,Bank transfer,7216.14,0,101.63577464788733,1219.629295774648
326,17,45.44,0,One year,Credit card,766.81,0,42.60055555555555,511.2066666666666
327,17,69.9,0,One year,Bank transfer,1249.71,0,69.42833333333334,833.1400000000001
328,3,63.88,0,Month-to-month,Credit card,221.62,1,55.405,664.86
329,11,79.54,3,One year,Credit card,839.18,0,69.93166666666666,839.1799999999998
330,40,46.75,1,One year,Credit card,1905.25,0,46.46951219512195,557.6341463414634
331,39,36.86,1,Month-to-month,Mailed check,1325.35,0,33.13375,397.605
332,27,110.39,0,Month-to-month,Credit card,2942.88,1,105.10285714285715,1261.2342857142858
333,23,111.63,1,One year,Bank transfer,2526.3,1,105.2625,1263.15
334,59,102.77,2,One year,Mailed check,6067.35,0,101.1225,1213.47
335,33,117.6,3,Month-to-month,Bank transfer,3870.66,1,113.84294117647059,1366.115294117647
336,58,91.95,3,Two year,Credit card,5326.03,1,90.27169491525423,1083.2603389830508
337,69,94.11,0,One year,Mailed check,6484.85,0,92.6407142857143,1111.6885714285715
338,23,93.88,0,Month-to-month,Bank transfer,2160.36,1,90.015,1080.18
339,15,62.87,1,Month-to-month,Bank transfer,970.06,1,60.62875,727.545
340,68,60.21,0,One year,Bank transfer,4101.75,0,59.44565217391305,713.3478260869565
341,46,36.42,0,One year,Mailed check,1661.1,0,35.34255319148936,424.1106382978723
342,21,80.93,1,Month-to-month,Bank transfer,1719.62,0,78.16454545454545,937.9745454545454
343,45,41.83,3,Month-to-month,Bank transfer,1923.66,0,41.818695652173915,501.824347826087
344,37,38.36,2,One year,Bank transfer,1391.52,1,36.618947368421054,439.4273684210526
345,65,74.46,1,One year,Credit card,4836.93,0,73.28681818181819,879.4418181818182
346,19,55.1,1,One year,Bank transfer,1105.0,0,55.25,663.0
347,71,34.07,2,Month-to-month,Credit card,2363.83,0,32.83097222222222,393.9716666666667
348,67,99.77,1,One year,Credit card,6774.83,0,99.62985294117647,1195.5582352941176
349,13,104.66,2,Month-to-month,Credit card,1293.62,1,92.40142857142857,1108.8171428571427
350,12,28.45,0,Month-to-month,Credit card,324.13,0,24.93307692307692,299.19692307692304
351,38,10.83,1,One year,Credit card,364.03,0,9.334102564102563,112.00923076923075
352,4,46.97,3,One year,Bank transfer,297.28,0,59.455999999999996,713.472
353,22,97.73,2,Month-to-month,Credit card,2124.89,1,92.38652173913043,1108.638260869565
354,31,102.31,1,One year,Credit card,3146.57,0,98.3303125,1179.9637500000001
355,69,25.22,1,Month-to-month,Mailed check,1721.64,0,24.594857142857144,295.13828571428576
356,71,95.18,1,Month-to-month,Mailed check,6762.56,0,93.92444444444445,1127.0933333333332
357,11,22.73,1,Month-to-month,Bank transfer,233.61,0,19.4675,233.61
358,64,52.91,0,Month-to-month,Credit card,3379.6,0,51.99384615384615,623.9261538461537
359,7,119.85,2,One year,Credit card,662.49,1,82.81125,993.735
360,54,31.18,1,One year,Credit card,1686.58,0,30.665090909090907,367.9810909090909
361,61,26.94,0,One year,Credit card,1644.23,0,26.51983870967742,318.23806451612904
362,64,56.51,0,Month-to-month,Mailed check,3668.57,0,56.43953846153846,677.2744615384615
363,16,78.16,3,Month-to-month,Bank transfer,1316.01,1,77.41235294117647,928.9482352941176
364,64,112.62,0,Month-to-month,Credit card,7198.29,0,110.74292307692308,1328.9150769230769
365,9,117.89,1,One year,Mailed check,1101.82,1,110.18199999999999,1322.1839999999997
366,37,17.66,3,Month-to-month,Credit card,598.34,0,15.745789473684212,188.94947368421055
367,34,25.18,2,Month-to-month,Credit card,894.49,0,25.556857142857144,306.68228571428574
368,23,96.98,1,One year,Credit card,2201.92,0,91.74666666666667,1100.96
369,2,39.77,1,One year,Credit card,20.31,0,6.77,81.24
370,55,107.33,3,Month-to-month,Mailed check,5893.87,1,105.24767857142857,1262.972142857143
371,24,82.98,1,Month-to-month,Credit card,2061.54,0,82.4616,989.5392
372,47,22.3,0,One year,Bank transfer,1057.15,0,22.023958333333336,264.2875
373,30,101.58,0,Month-to-month,Credit card,3122.22,1,100.71677419354837,1208.6012903225806
374,27,29.4,1,Month-to-month,Mailed check,756.36,0,27.012857142857143,324.1542857142857
375,63,56.58,0,Two year,Bank transfer,3616.93,1,56.51453125,678.1743749999999
376,7,70.74,2,Month-to-month,Bank transfer,462.57,1,57.82125,693.855
377,53,65.08,1,Month-to-month,Credit card,3460.51,0,64.08351851851852,769.0022222222221
378,54,85.48,2,Month-to-month,Mailed check,4626.75,1,84.12272727272727,1009.4727272727273
379,27,81.8,5,Month-to-month,Bank transfer,2241.67,1,80.05964285714286,960.7157142857143
380,19,119.12,2,Month-to-month,Credit card,2275.82,0,113.79100000000001,1365.4920000000002
381,1,119.94,0,Month-to-month,Mailed check,82.98,1,41.49,497.88
382,67,66.81,0,Month-to-month,Credit card,4520.29,1,66.47485294117647,797.6982352941176
383,68,20.47,3,Month-to-month,Credit card,1478.54,1,21.428115942028985,257.13739130434783
384,18,90.06,0,Two year,Bank transfer,1591.89,1,83.78368421052632,1005.4042105263159
385,3,117.43,1,Two year,Credit card,260.53,0,65.1325,781.5899999999999
386,9,45.02,5,Month-to-month,Bank transfer,430.15,1,43.015,516.1800000000001
387,5,60.73,0,Month-to-month,Credit card,287.09,0,47.84833333333333,574.18
388,60,56.73,0,One year,Credit card,3397.24,0,55.69245901639344,668.3095081967213
389,64,15.66,1,Two year,Credit card,1030.05,0,15.846923076923076,190.16307692307691
390,11,83.95,0,Two year,Credit card,900.63,1,75.0525,900.6299999999999
391,54,48.87,1,Month-to-month,Mailed check,2625.54,0,47.73709090909091,572.8450909090909
392,13,96.62,4,Month-to-month,Bank transfer,1251.05,1,89.36071428571428,1072.3285714285714
393,27,101.53,1,Month-to-month,Bank transfer,2814.8,1,100.52857142857144,1206.3428571428572
394,43,100.34,1,One year,Credit card,4316.12,0,98.09363636363636,1177.1236363636363
395,52,55.83,0,Month-to-month,Bank transfer,2841.38,0,53.61094339622642,643.331320754717
396,63,45.37,2,Month-to-month,Credit card,2798.52,1,43.726875,524.7225
397,4,92.37,1,Month-to-month,Credit card,376.44,1,75.288,903.4559999999999
398,14,98.15,1,Month-to-month,Bank transfer,1317.63,1,87.84200000000001,1054.1040000000003
399,20,64.04,0,One year,Bank transfer,1202.68,1,57.270476190476195,687.2457142857144
400,23,108.23,0,Month-to-month,Bank transfer,2521.07,1,105.04458333333334,1260.535
401,71,25.83,1,One year,Mailed check,1868.15,0,25.946527777777778,311.35833333333335
402,56,106.7,1,One year,Mailed check,5956.79,0,104.50508771929825,1254.061052631579
403,23,20.57,0,One year,Credit card,487.79,0,20.324583333333333,243.89499999999998
404,69,26.89,1,Month-to-month,Credit card,1864.82,0,26.640285714285714,319.6834285714286
405,36,68.72,2,One year,Credit card,2504.04,0,67.67675675675676,812.1210810810811
406,36,17.43,1,One year,Bank transfer,657.72,0,17.776216216216216,213.3145945945946
407,31,15.81,0,Month-to-month,Mailed check,359.82,1,11.244375,134.9325
408,11,10.06,3,Month-to-month,Mailed check,98.64,1,8.22,98.64000000000001
409,67,57.99,1,One year,Credit card,3911.23,0,57.518088235294115,690.2170588235294
410,1,95.21,1,Month-to-month,Mailed check,74.69,0,37.345,448.14
411,13,13.83,1,Month-to-month,Bank transfer,181.6,0,12.971428571428572,155.65714285714284
412,17,81.75,3,Month-to-month,Mailed check,1427.28,1,79.29333333333334,951.52
413,20,100.54,1,Month-to-month,Bank transfer,2014.85,1,95.9452380952381,1151.3428571428572
414,10,28.48,0,Month-to-month,Credit card,360.2,0,32.74545454545454,392.9454545454545
415,2,26.16,1,One year,Credit card,108.67,1,36.223333333333336,434.68000000000006
416,49,104.69,0,Month-to-month,Mailed check,5123.88,1,102.4776,1229.7312
417,69,100.54,0,One year,Credit card,6927.36,0,98.96228571428571,1187.5474285714286
418,9,69.28,1,Month-to-month,Credit card,481.0,0,48.1,577.2
419,22,100.11,0,Month-to-month,Credit card,2186.09,0,95.04739130434783,1140.568695652174
420,36,20.2,1,Month-to-month,Credit card,659.54,0,17.825405405405405,213.90486486486486
421,66,53.39,2,One year,Mailed check,3534.8,0,52.758208955223886,633.0985074626866
422,50,91.16,2,Two year,Credit card,4565.64,1,89.52235294117648,1074.2682352941179
423,55,38.32,0,Month-to-month,Credit card,2142.39,1,38.25696428571428,459.0835714285714
424,42,92.76,0,Month-to-month,Bank transfer,3965.75,0,92.22674418604652,1106.7209302325582
425,30,65.46,0,Month-to-month,Bank transfer,1962.49,1,63.30612903225806,759.6735483870967
426,15,92.53,3,Month-to-month,Credit card,1501.97,0,93.873125,1126.4775
427,62,61.11,2,One year,Credit card,3800.44,0,60.324444444444445,723.8933333333333
428,58,50.47,2,Month-to-month,Credit card,2861.75,1,48.50423728813559,582.0508474576271
429,2,34.11,2,Two year,Credit card,40.12,1,13.373333333333333,160.48
430,51,32.92,1,Month-to-month,Credit card,1660.28,0,31.928461538461537,383.14153846153846
431,6,92.66,0,Month-to-month,Credit card,585.57,1,83.65285714285714,1003.8342857142857
432,53,23.08,0,One year,Bank transfer,1175.88,0,21.775555555555556,261.3066666666667
433,59,19.46,2,Month-to-month,Mailed check,1133.24,0,18.887333333333334,226.64800000000002
434,10,29.39,0,One year,Mailed check,285.85,0,25.986363636363638,311.83636363636367
435,31,29.29,0,Month-to-month,Credit card,885.58,0,27.674375,332.09250000000003
436,9,100.54,0,One year,Credit card,945.43,0,94.54299999999999,1134.5159999999998
437,41,53.84,2,Month-to-month,Mailed check,2239.51,1,53.32166666666667,639.8600000000001
438,66,118.94,1,Month-to-month,Bank transfer,7908.37,0,118.03537313432835,1416.4244776119403
439,6,25.09,0,One year,Bank transfer,133.99,0,19.141428571428573,229.69714285714286
440,29,81.89,0,Month-to-month,Credit card,2434.94,0,81.16466666666666,973.9759999999999
441,70,59.36,6,Month-to-month,Credit card,4087.0,1,57.563380281690144,690.7605633802817
442,22,53.22,0,One year,Bank transfer,1101.42,0,47.88782608695652,574.6539130434783
443,10,106.26,0,Month-to-month,Bank transfer,1001.91,1,91.08272727272727,1092.9927272727273
444,35,117.32,0,Two year,Credit card,4106.66,0,114.07388888888889,1368.8866666666668
445,37,106.01,0,One year,Mailed check,3982.49,1,104.80236842105262,1257.6284210526314
446,48,31.15,1,One year,Bank transfer,1465.09,0,29.899795918367346,358.79755102040815
447,23,34.29,2,Month-to-month,Bank transfer,764.84,1,31.868333333333336,382.42
448,68,82.17,1,Month-to-month,Credit card,5576.76,0,80.82260869565218,969.8713043478261
449,37,41.8,0,Two year,Bank transfer,1575.24,0,41.45368421052632,497.4442105263158
450,21,90.82,0,Month-to-month,Bank transfer,1883.34,1,85.60636363636364,1027.2763636363636
451,69,72.31,1,Month-to-month,Credit card,4962.72,1,70.896,850.752
452,66,70.6,3,Month-to-month,Bank transfer,4592.33,1,68.54223880597014,822.5068656716417
453,36,101.14,2,Month-to-month,Bank transfer,3612.45,0,97.63378378378378,1171.6054054054055
454,2,88.16,2,Month-to-month,Mailed check,235.19,1,78.39666666666666,940.76
455,43,12.92,0,One year,Credit card,560.11,0,12.729772727272728,152.75727272727272
456,40,15.44,1,One year,Mailed check,580.61,1,14.161219512195123,169.93463414634147
457,11,76.17,0,Two year,Bank transfer,899.68,0,74.97333333333333,899.68
458,46,63.48,0,Month-to-month,Credit card,2890.82,1,61.5068085106383,738.0817021276596
459,60,38.62,1,Month-to-month,Credit card,2388.2,1,39.15081967213114,469.8098360655737
460,8,56.05,1,Month-to-month,Credit card,518.58,1,57.620000000000005,691.44
461,52,93.37,3,One year,Credit card,4858.04,0,91.6611320754717,1099.9335849056604
462,10,100.93,0,Month-to-month,Bank transfer,934.37,0,84.94272727272727,1019.3127272727272
463,54,71.73,1,Month-to-month,Bank transfer,3987.9,0,72.50727272727273,870.0872727272729
464,30,52.39,4,Month-to-month,Credit card,1591.06,1,51.324516129032254,615.8941935483871
465,1,39.78,0,One year,Mailed check,23.59,0,11.795,141.54
466,69,67.41,1,One year,Credit card,4699.1,0,67.13000000000001,805.5600000000002
467,12,44.62,1,Two year,Bank transfer,570.56,0,43.889230769230764,526.6707692307691
468,43,72.05,1,Month-to-month,Mailed check,3163.7,1,71.90227272727272,862.8272727272727
469,13,84.43,0,Two year,Mailed check,1064.47,0,76.03357142857143,912.4028571428572
470,67,17.27,0,Month-to-month,Bank transfer,1173.01,0,17.25014705882353,207.00176470588235
471,53,10.12,1,Month-to-month,Bank transfer,477.07,0,8.83462962962963,106.01555555555555
472,58,33.35,1,Month-to-month,Credit card,1967.62,0,33.34949152542373,400.19389830508476
473,31,108.4,0,Month-to-month,Credit card,3359.25,1,104.9765625,1259.71875
474,34,81.09,0,Month-to-month,Credit card,2771.11,0,79.17457142857143,950.0948571428571
475,46,28.92,2,Month-to-month,Credit card,1323.0,1,28.148936170212767,337.7872340425532
476,56,107.93,3,Month-to-month,Credit card,6031.53,0,105.81631578947368,1269.7957894736842
477,61,61.7,2,One year,Credit card,3720.29,0,60.00467741935484,720.0561290322581
478,2,62.37,1,One year,Mailed check,164.26,1,54.75333333333333,657.04
479,48,112.91,0,One year,Mailed check,5494.17,0,112.12591836734694,1345.5110204081634
480,8,16.54,1,Month-to-month,Mailed check,104.49,1,11.61,139.32
481,21,33.67,0,Month-to-month,Bank transfer,734.75,1,33.39772727272727,400.77272727272725
482,59,74.43,0,One year,Credit card,4412.98,0,73.54966666666665,882.5959999999998
483,18,31.5,0,Month-to-month,Credit card,567.4,0,29.86315789473684,358.35789473684207
484,57,84.75,2,Month-to-month,Bank transfer,4754.42,0,81.97275862068966,983.6731034482759
485,33,33.55,0,Month-to-month,Bank transfer,1042.07,0,30.649117647058823,367.78941176470585
486,17,20.91,1,One year,Credit card,316.42,1,17.57888888888889,210.9466666666667
487,24,32.77,2,Month-to-month,Bank transfer,679.53,0,27.1812,326.1744
488,38,56.5,3,One year,Bank transfer,2217.4,0,56.85641025641026,682.2769230769231
489,55,29.38,1,Month-to-month,Credit card,1634.29,1,29.18375,350.205
490,44,24.82,1,Month-to-month,Credit card,1090.58,0,24.23511111111111,290.8213333333333
491,67,104.63,0,Month-to-month,Credit card,6900.7,0,101.48088235294118,1217.770588235294
492,62,45.24,2,Month-to-month,Bank transfer,2713.69,1,43.074444444444445,516.8933333333333
493,54,49.68,0,Month-to-month,Mailed check,2682.6,0,48.77454545454545,585.2945454545454
494,43,16.08,0,One year,Bank transfer,789.96,0,17.953636363636363,215.44363636363636
495,21,49.31,1,Month-to-month,Bank transfer,1000.58,1,45.480909090909094,545.7709090909091
496,30,39.13,3,Month-to-month,Mailed check,1217.09,0,39.26096774193548,471.1316129032258
497,9,77.15,0,One year,Credit card,670.35,1,67.035,804.42
498,27,32.59,0,Month-to-month,Bank transfer,882.69,1,31.524642857142858,378.2957142857143
499,66,107.72,1,Month-to-month,Bank transfer,7170.25,0,107.01865671641791,1284.2238805970148
500,31,112.26,0,Month-to-month,Bank transfer,3462.76,0,108.21125,1298.535
501,9,20.98,1,Month-to-month,Credit card,154.31,1,15.431000000000001,185.17200000000003
502,47,21.81,2,Month-to-month,Mailed check,1095.97,0,22.832708333333333,273.9925
503,69,22.69,2,One year,Mailed check,1567.89,0,22.39842857142857,268.78114285714287
504,62,78.15,2,Month-to-month,Credit card,4899.86,1,77.77555555555556,933.3066666666666
505,20,23.42,1,One year,Credit card,434.14,0,20.673333333333332,248.07999999999998
506,33,103.76,0,Month-to-month,Credit card,3494.41,0,102.77676470588234,1233.3211764705882
507,38,92.97,0,One year,Bank transfer,3546.54,0,90.93692307692308,1091.2430769230768
508,18,100.18,1,One year,Bank transfer,1824.98,0,96.05157894736843,1152.6189473684212
509,20,67.87,2,Month-to-month,Credit card,1363.98,0,64.95142857142858,779.417142857143
510,17,119.63,1,Month-to-month,Mailed check,2008.44,1,111.58,1338.96
511,71,14.86,1,Month-to-month,Credit card,1054.98,0,14.6525,175.82999999999998
512,53,54.14,0,Two year,Bank transfer,2847.29,1,52.72759259259259,632.7311111111111
513,60,45.63,2,Two year,Credit card,2785.78,0,45.66852459016394,548.0222950819673
514,58,114.35,2,Month-to-month,Bank transfer,6622.15,1,112.23983050847457,1346.8779661016947
515,69,73.45,0,One year,Bank transfer,4993.22,0,71.33171428571428,855.9805714285715
516,8,98.68,0,Month-to-month,Credit card,705.47,0,78.38555555555556,940.6266666666667
517,63,28.74,0,Month-to-month,Credit card,1724.28,0,26.941875,323.3025
518,5,117.65,1,One year,Mailed check,619.15,1,103.19166666666666,1238.3
519,34,64.85,1,Month-to-month,Bank transfer,2147.32,1,61.352000000000004,736.224
520,43,64.3,2,Month-to-month,Mailed check,2779.9,0,63.179545454545455,758.1545454545454
521,26,116.8,1,One year,Bank transfer,3043.63,0,112.72703703703704,1352.7244444444445
522,11,51.88,2,Month-to-month,Bank transfer,567.44,0,47.28666666666667,567.44
523,14,53.73,1,One year,Credit card,774.14,1,51.60933333333333,619.312
524,59,74.32,1,Month-to-month,Bank transfer,4392.8,0,73.21333333333334,878.5600000000001
525,23,24.09,2,Month-to-month,Credit card,418.58,0,17.440833333333334,209.29000000000002
526,23,45.32,1,Month-to-month,Credit card,1026.18,1,42.7575,513.09
527,66,31.25,1,Two year,Credit card,2083.76,1,31.10089552238806,373.21074626865675
528,11,21.36,0,Month-to-month,Credit card,316.97,0,26.41416666666667,316.97
529,65,105.28,3,Month-to-month,Mailed check,6927.52,1,104.96242424242425,1259.5490909090909
530,66,74.83,3,One year,Mailed check,4870.62,0,72.69582089552239,872.3498507462687
531,43,49.45,3,Two year,Bank transfer,2108.86,0,47.928636363636365,575.1436363636363
532,12,54.95,0,Two year,Credit card,581.09,0,44.69923076923077,536.3907692307693
533,12,57.47,0,Month-to-month,Mailed check,765.63,1,58.894615384615385,706.7353846153846
534,21,79.65,2,Month-to-month,Bank transfer,1723.29,1,78.33136363636363,939.9763636363637
535,41,111.94,2,Month-to-month,Credit card,4607.07,0,109.69214285714285,1316.3057142857142
536,11,112.61,0,One year,Bank transfer,1247.01,1,103.9175,1247.01
537,33,53.06,2,Two year,Bank transfer,1820.01,0,53.52970588235294,642.3564705882353
538,9,46.22,4,One year,Credit card,476.55,0,47.655,571.86
539,39,59.62,1,Month-to-month,Bank transfer,2383.08,1,59.577,714.924
540,2,72.47,1,Month-to-month,Bank transfer,167.77,1,55.92333333333334,671.08
541,51,60.8,1,Month-to-month,Credit card,3083.34,0,59.295,711.54
542,4,82.46,1,Month-to-month,Credit card,368.2,1,73.64,883.6800000000001
543,14,70.98,0,Month-to-month,Bank transfer,1034.52,1,68.968,827.616
544,13,45.28,0,Month-to-month,Bank transfer,579.11,0,41.365,496.38
545,60,48.03,2,One year,Mailed check,2864.24,1,46.95475409836065,563.4570491803279
546,4,51.65,2,Two year,Mailed check,263.27,1,52.653999999999996,631.848
547,31,20.41,1,One year,Bank transfer,715.92,0,22.3725,268.46999999999997
548,42,28.27,0,Two year,Bank transfer,1149.87,0,26.741162790697672,320.89395348837206
549,37,89.54,1,One year,Bank transfer,3299.81,0,86.8371052631579,1042.0452631578946
550,49,52.8,4,One year,Bank transfer,2604.75,0,52.095,625.14
551,58,33.6,1,Month-to-month,Credit card,1973.13,0,33.44288135593221,401.3145762711865
552,28,71.89,0,One year,Bank transfer,1986.8,0,68.51034482758621,822.1241379310345
553,59,93.11,1,Month-to-month,Bank transfer,5587.67,1,93.12783333333333,1117.5339999999999
554,23,38.32,1,Month-to-month,Bank transfer,902.46,0,37.6025,451.23
555,70,100.95,1,Month-to-month,Mailed check,7093.07,1,99.90239436619719,1198.8287323943662
556,36,112.03,0,One year,Bank transfer,4121.02,0,111.37891891891893,1336.547027027027
557,53,75.71,0,One year,Credit card,3990.18,0,73.89222222222222,886.7066666666666
558,63,83.58,2,Two year,Credit card,5261.12,0,82.205,986.46
559,57,15.78,2,Two year,Credit card,836.79,0,14.427413793103447,173.12896551724137
560,61,114.01,3,Two year,Credit card,6945.99,0,112.03209677419355,1344.3851612903227
561,39,53.17,0,Month-to-month,Bank transfer,1999.18,0,49.9795,599.754
562,4,111.63,4,Two year,Credit card,483.91,1,96.78200000000001,1161.384
563,36,73.69,2,One year,Credit card,2673.84,0,72.26594594594594,867.1913513513514
564,13,10.51,0,Two year,Credit card,122.78,1,8.77,105.24
565,64,14.24,0,Month-to-month,Bank transfer,906.34,0,13.943692307692308,167.32430769230768
566,17,84.85,3,Month-to-month,Bank transfer,1480.52,0,82.25111111111111,987.0133333333333
567,17,71.89,1,Two year,Credit card,1165.34,0,64.74111111111111,776.8933333333333
568,18,12.92,1,Month-to-month,Credit card,242.77,1,12.777368421052632,153.3284210526316
569,46,91.78,1,Month-to-month,Credit card,4256.86,0,90.57148936170212,1086.8578723404255
570,41,103.74,1,Month-to-month,Credit card,4164.23,0,99.14833333333333,1189.78
571,68,64.61,4,Month-to-month,Credit card,4427.73,1,64.16999999999999,770.0399999999998
572,30,61.23,3,Month-to-month,Credit card,1753.2,1,56.55483870967742,678.658064516129
573,21,10.6,3,Two year,Credit card,216.72,0,9.850909090909092,118.2109090909091
574,4,96.53,1,Two year,Mailed check,327.95,1,65.59,787.08
575,1,46.38,0,Two year,Bank transfer,117.94,0,58.97,707.64
576,27,106.66,2,Month-to-month,Mailed check,2821.96,1,100.78428571428572,1209.4114285714286
577,66,51.04,3,Month-to-month,Credit card,3286.13,1,49.04671641791045,588.5605970149254
578,38,72.16,2,Month-to-month,Credit card,2748.75,0,70.48076923076923,845.7692307692307
579,64,39.74,0,Month-to-month,Mailed check,2522.67,0,38.810307692307696,465.7236923076923
580,8,27.66,2,Month-to-month,Credit card,146.05,0,16.227777777777778,194.73333333333335
581,7,95.24,2,One year,Bank transfer,692.97,1,86.62125,1039.455
582,60,64.62,0,Two year,Mailed check,3777.63,0,61.928360655737706,743.1403278688524
583,8,69.01,6,Month-to-month,Bank transfer,500.27,1,55.58555555555555,667.0266666666666
584,4,116.2,0,Month-to-month,Credit card,436.04,1,87.208,1046.496
585,29,115.99,2,Month-to-month,Bank transfer,3403.82,0,113.46066666666667,1361.528
586,66,104.12,1,Month-to-month,Credit card,6936.69,0,103.53268656716418,1242.39223880597
587,49,30.64,1,Month-to-month,Credit card,1556.5,0,31.13,373.56
588,8,75.37,1,Month-to-month,Credit card,595.3,1,66.14444444444445,793.7333333333333
589,60,106.6,0,Month-to-month,Mailed check,6274.63,1,102.86278688524591,1234.353442622951
590,60,51.19,2,Month-to-month,Bank transfer,3090.94,1,50.671147540983604,608.0537704918032
591,57,21.12,0,One year,Credit card,1277.37,0,22.02362068965517,264.28344827586204
592,65,99.21,1,Month-to-month,Credit card,6510.34,1,98.64151515151515,1183.6981818181819
593,18,62.99,2,Month-to-month,Bank transfer,1156.97,1,60.893157894736845,730.7178947368421
594,70,72.08,1,Month-to-month,Mailed check,4986.12,0,70.22704225352112,842.7245070422534
595,23,118.04,1,Month-to-month,Credit card,2688.65,1,112.02708333333334,1344.325
596,57,76.79,2,Month-to-month,Credit card,4473.72,0,77.13310344827586,925.5972413793104
597,42,56.75,1,One year,Mailed check,2312.66,0,53.782790697674415,645.393488372093
598,56,50.7,2,Two year,Mailed check,2781.81,0,48.80368421052631,585.6442105263158
599,45,55.94,3,One year,Mailed check,2564.43,1,55.74847826086956,668.9817391304348
600,46,23.02,1,Month-to-month,Credit card,1037.36,0,22.071489361702124,264.8578723404255
601,44,97.42,3,Month-to-month,Credit card,4227.39,1,93.94200000000001,1127.304
602,56,102.15,2,Month-to-month,Credit card,5796.8,0,101.69824561403509,1220.378947368421
603,53,41.28,1,Month-to-month,Credit card,2210.89,0,40.94240740740741,491.3088888888889
604,10,43.42,4,Two year,Mailed check,415.11,1,37.73727272727273,452.84727272727275
605,59,106.18,1,Month-to-month,Credit card,6207.33,0,103.4555,1241.466
606,39,12.64,0,Month-to-month,Bank transfer,595.33,0,14.88325,178.599
607,23,67.25,1,Month-to-month,Mailed check,1545.53,1,64.39708333333333,772.7649999999999
608,37,61.0,1,Month-to-month,Mailed check,2326.87,0,61.23342105263158,734.801052631579
609,69,85.91,1,Two year,Bank transfer,5972.47,1,85.321,1023.852
610,61,27.97,1,Month-to-month,Mailed check,1680.12,0,27.098709677419354,325.18451612903226
611,60,83.52,2,Month-to-month,Credit card,4985.55,0,81.73032786885246,980.7639344262295
612,33,51.44,3,Month-to-month,Credit card,1769.84,0,52.054117647058824,624.6494117647059
613,56,78.06,2,One year,Credit card,4444.49,0,77.97350877192981,935.6821052631578
614,28,14.41,1,Month-to-month,Mailed check,309.63,0,10.676896551724138,128.12275862068964
615,49,60.79,1,One year,Mailed check,3006.2,0,60.123999999999995,721.4879999999999
616,46,67.45,0,Month-to-month,Credit card,3096.64,1,65.8859574468085,790.631489361702
617,18,33.58,5,Month-to-month,Credit card,552.77,1,29.09315789473684,349.1178947368421
618,19,25.36,0,Two year,Credit card,494.93,0,24.7465,296.958
619,5,30.73,1,Month-to-month,Credit card,86.17,0,14.361666666666666,172.34
620,10,47.86,1,Month-to-month,Mailed check,455.28,0,41.3890909090909,496.66909090909087
621,31,20.65,0,Month-to-month,Credit card,600.23,1,18.7571875,225.08625
622,34,114.21,0,Month-to-month,Bank transfer,3858.15,1,110.23285714285714,1322.7942857142857
623,12,54.55,0,Month-to-month,Bank transfer,651.03,0,50.07923076923077,600.9507692307692
624,30,98.99,0,One year,Credit card,2918.92,1,94.15870967741935,1129.9045161290323
625,43,117.19,1,Month-to-month,Credit card,5117.83,1,116.31431818181818,1395.7718181818182
626,17,18.88,3,Month-to-month,Mailed check,345.62,1,19.20111111111111,230.41333333333333
627,25,81.68,1,Month-to-month,Bank transfer,2131.73,1,81.98961538461539,983.8753846153847
628,27,105.85,2,One year,Credit card,2849.95,0,101.78392857142856,1221.4071428571428
629,36,79.77,0,Month-to-month,Credit card,2844.28,0,76.87243243243243,922.4691891891891
630,27,57.19,2,Month-to-month,Mailed check,1632.05,0,58.2875,699.45
631,53,57.42,3,One year,Mailed check,3014.36,0,55.821481481481484,669.8577777777778
632,24,13.95,0,One year,Mailed check,325.89,0,13.035599999999999,156.42719999999997
633,31,68.81,0,Two year,Bank transfer,2169.11,0,67.7846875,813.41625
634,27,119.29,2,Month-to-month,Mailed check,3158.94,1,112.81928571428571,1353.8314285714287
635,13,115.46,1,Month-to-month,Credit card,1536.54,1,109.75285714285714,1317.0342857142857
636,49,14.44,1,Month-to-month,Bank transfer,736.73,0,14.7346,176.8152
637,17,87.64,2,One year,Credit card,1553.35,1,86.29722222222222,1035.5666666666666
638,22,43.19,0,Month-to-month,Bank transfer,994.68,1,43.24695652173913,518.9634782608696
639,57,109.33,1,Month-to-month,Mailed check,6296.81,0,108.56568965517242,1302.788275862069
640,68,14.96,0,Month-to-month,Mailed check,1011.76,0,14.6631884057971,175.9582608695652
641,48,112.95,1,One year,Bank transfer,5378.47,1,109.76469387755103,1317.1763265306122
642,66,102.12,1,One year,Bank transfer,6845.42,0,102.17044776119403,1226.0453731343282
643,61,22.93,1,Month-to-month,Mailed check,1322.4,0,21.32903225806452,255.94838709677424
644,35,16.58,0,Two year,Mailed check,508.97,0,14.138055555555557,169.6566666666667
645,55,101.82,1,Two year,Bank transfer,5628.36,0,100.50642857142857,1206.077142857143
646,24,27.13,1,Month-to-month,Credit card,732.37,1,29.2948,351.5376
647,33,68.84,0,Month-to-month,Credit card,2281.2,0,67.09411764705882,805.1294117647059
648,39,110.73,2,One year,Mailed check,4368.44,0,109.21099999999998,1310.5319999999997
649,69,72.42,0,Month-to-month,Bank transfer,4897.19,0,69.95985714285713,839.5182857142856
650,61,53.7,3,Month-to-month,Bank transfer,3250.72,1,52.43096774193548,629.1716129032258
651,35,58.95,1,Month-to-month,Bank transfer,1969.55,0,54.70972222222222,656.5166666666667
652,47,16.94,0,Two year,Credit card,835.2,0,17.400000000000002,208.8
653,15,116.56,1,Month-to-month,Credit card,1671.04,0,104.44,1253.28
654,58,44.17,1,One year,Mailed check,2497.97,0,42.33847457627118,508.0616949152542
655,40,30.83,0,Month-to-month,Credit card,1258.9,0,30.70487804878049,368.4585365853659
656,38,41.47,1,Month-to-month,Bank transfer,1628.95,1,41.76794871794872,501.21538461538466
657,55,116.08,1,Two year,Bank transfer,6376.45,0,113.86517857142857,1366.3821428571428
658,45,20.37,1,Month-to-month,Mailed check,945.16,0,20.54695652173913,246.56347826086954
659,6,105.4,0,Month-to-month,Credit card,659.29,1,94.1842857142857,1130.2114285714285
660,21,87.86,1,Month-to-month,Bank transfer,1834.29,1,83.37681818181818,1000.5218181818182
661,13,101.3,1,One year,Credit card,1262.16,0,90.15428571428572,1081.8514285714286
662,53,117.35,0,Month-to-month,Credit card,6247.79,1,115.69981481481481,1388.3977777777777
663,3,102.64,0,Month-to-month,Credit card,338.57,0,84.6425,1015.71
664,15,113.77,2,Month-to-month,Credit card,1751.25,1,109.453125,1313.4375
665,43,23.96,1,Month-to-month,Mailed check,1045.88,0,23.770000000000003,285.24
666,50,97.54,1,Month-to-month,Mailed check,4818.58,1,94.48196078431373,1133.7835294117647
667,36,70.02,2,Month-to-month,Credit card,2555.24,0,69.06054054054053,828.7264864864864
668,62,69.78,0,Month-to-month,Mailed check,4326.29,0,68.67126984126985,824.0552380952381
669,66,108.88,0,Month-to-month,Bank transfer,7161.94,0,106.89462686567164,1282.7355223880597
670,10,116.9,0,One year,Bank transfer,1154.27,1,104.93363636363637,1259.2036363636364
671,68,87.53,2,One year,Mailed check,5917.53,1,85.76130434782608,1029.135652173913
672,44,63.12,2,Month-to-month,Bank transfer,2821.72,0,62.70488888888888,752.4586666666665
673,46,60.2,0,Month-to-month,Credit card,2698.29,0,57.410425531914896,688.9251063829788
674,7,52.5,1,Month-to-month,Credit card,317.83,0,39.72875,476.745
675,45,49.78,2,Two year,Bank transfer,2223.66,1,48.34043478260869,580.0852173913042
676,52,53.07,5,Month-to-month,Mailed check,2840.33,1,53.5911320754717,643.0935849056604
677,42,19.87,3,Month-to-month,Bank transfer,887.25,1,20.63372093023256,247.60465116279073
678,6,18.52,2,Month-to-month,Credit card,29.08,1,4.154285714285714,49.85142857142857
679,38,95.79,3,Month-to-month,Credit card,3707.59,1,95.06641025641026,1140.7969230769231
680,67,59.07,4,Month-to-month,Mailed check,4025.16,1,59.1935294117647,710.3223529411764
681,52,112.38,1,Month-to-month,Credit card,5785.06,1,109.15207547169813,1309.8249056603775
682,10,77.34,1,One year,Bank transfer,647.33,0,58.84818181818182,706.1781818181819
683,69,13.87,2,One year,Bank transfer,953.42,0,13.620285714285714,163.44342857142857
684,69,27.33,0,One year,Credit card,1941.89,0,27.741285714285716,332.8954285714286
685,13,32.64,0,One year,Credit card,503.88,0,35.99142857142857,431.89714285714285
686,57,117.33,2,Month-to-month,Credit card,6644.27,1,114.55637931034484,1374.676551724138
687,29,34.06,1,Two year,Credit card,1075.34,0,35.84466666666666,430.13599999999997
688,43,66.73,1,One year,Bank transfer,2757.99,0,62.68159090909091,752.1790909090909
689,32,112.98,0,One year,Mailed check,3596.96,1,108.99878787878788,1307.9854545454546
690,56,117.49,0,One year,Credit card,6558.58,0,115.06280701754386,1380.7536842105264
691,71,36.0,1,Month-to-month,Bank transfer,2613.62,0,36.30027777777778,435.60333333333335
692,57,15.4,2,Month-to-month,Credit card,942.72,0,16.253793103448277,195.04551724137934
693,67,26.9,0,Month-to-month,Credit card,1850.01,0,27.206029411764707,326.4723529411765
694,68,16.97,0,Month-to-month,Bank transfer,1086.43,0,15.74536231884058,188.94434782608698
695,7,31.46,1,Month-to-month,Bank transfer,263.35,0,32.91875,395.02500000000003
696,18,72.54,2,Month-to-month,Bank transfer,1331.17,1,70.06157894736843,840.7389473684211
697,52,110.37,0,Month-to-month,Credit card,5655.68,0,106.71094339622643,1280.5313207547172
698,42,69.09,0,Two year,Bank transfer,2798.43,0,65.07976744186045,780.9572093023255
699,4,78.86,2,One year,Credit card,367.34,1,73.46799999999999,881.6159999999999
700,7,32.21,4,Month-to-month,Mailed check,216.47,0,27.05875,324.705
701,37,98.06,3,Month-to-month,Bank transfer,3563.96,0,93.78842105263158,1125.461052631579
702,44,77.96,0,Month-to-month,Mailed check,3419.83,0,75.99622222222222,911.9546666666665
703,12,105.06,2,Two year,Credit card,1278.92,1,98.37846153846155,1180.5415384615385
704,13,114.37,2,One year,Bank transfer,1482.67,1,105.905,1270.8600000000001
705,10,48.27,3,One year,Bank transfer,405.1,0,36.82727272727273,441.92727272727274
706,41,19.96,1,Month-to-month,Credit card,912.64,1,21.72952380952381,260.7542857142857
707,1,34.85,0,Month-to-month,Bank transfer,85.06,0,42.53,510.36
708,41,58.16,1,One year,Bank transfer,2367.79,0,56.37595238095238,676.5114285714285
709,34,114.03,0,Two year,Mailed check,3862.27,0,110.35057142857143,1324.2068571428572
710,34,51.61,2,Month-to-month,Credit card,1772.71,0,50.648857142857146,607.7862857142858
711,49,94.79,2,Month-to-month,Mailed check,4588.23,0,91.76459999999999,1101.1752
712,38,69.45,0,Month-to-month,Credit card,2655.23,0,68.08282051282052,816.9938461538462
713,52,30.11,0,Month-to-month,Bank transfer,1499.18,1,28.286415094339624,339.4369811320755
714,55,45.28,1,Two year,Bank transfer,2486.87,0,44.40839285714286,532.9007142857142
715,66,81.85,0,One year,Credit card,5343.67,0,79.75626865671641,957.0752238805969
716,57,84.01,0,Month-to-month,Mailed check,4732.67,0,81.59775862068966,979.1731034482759
717,37,57.82,4,Month-to-month,Mailed check,2221.63,0,58.46394736842105,701.5673684210526
718,35,35.15,0,Month-to-month,Mailed check,1233.21,0,34.255833333333335,411.07000000000005
719,17,89.41,1,Month-to-month,Mailed check,1530.34,1,85.01888888888888,1020.2266666666666
720,43,28.58,1,Month-to-month,Bank transfer,1128.37,0,25.644772727272724,307.7372727272727
721,10,113.03,1,One year,Bank transfer,1100.45,0,100.0409090909091,1200.490909090909
722,67,30.67,3,One year,Mailed check,2077.95,0,30.558088235294115,366.69705882352935
723,60,21.8,1,Month-to-month,Credit card,1317.71,0,21.601803278688525,259.2216393442623
724,9,64.74,2,One year,Mailed check,474.96,1,47.495999999999995,569.952
725,56,67.15,2,One year,Bank transfer,3770.76,0,66.15368421052632,793.8442105263159
726,9,65.9,1,Month-to-month,Bank transfer,611.43,1,61.142999999999994,733.7159999999999
727,52,58.03,1,One year,Credit card,3081.75,0,58.14622641509434,697.7547169811321
728,7,119.43,0,One year,Credit card,803.25,0,100.40625,1204.875
729,35,63.49,2,One year,Credit card,2110.05,1,58.612500000000004,703.35
730,47,62.57,1,Month-to-month,Credit card,2890.95,0,60.228125,722.7375
731,52,56.39,2,Month-to-month,Credit card,2877.43,1,54.291132075471694,651.4935849056603
732,30,17.35,2,Month-to-month,Credit card,557.34,1,17.978709677419356,215.74451612903226
733,66,75.23,2,Month-to-month,Credit card,4829.34,1,72.07970149253731,864.9564179104477
734,55,35.08,0,Month-to-month,Bank transfer,1906.98,1,34.05321428571428,408.63857142857137
735,15,80.14,1,One year,Credit card,1273.39,0,79.586875,955.0425
736,48,15.59,1,Month-to-month,Mailed check,748.68,0,15.279183673469387,183.35020408163263
737,52,117.95,1,Month-to-month,Credit card,6178.22,0,116.57018867924529,1398.8422641509435
738,24,61.59,2,Two year,Bank transfer,1396.07,0,55.8428,670.1135999999999
739,53,108.64,0,Month-to-month,Credit card,5677.82,0,105.14481481481481,1261.7377777777776
740,64,62.31,1,Month-to-month,Bank transfer,4059.7,0,62.456923076923076,749.4830769230769
741,59,16.64,1,Month-to-month,Bank transfer,986.82,0,16.447,197.36399999999998
742,55,100.44,2,Month-to-month,Bank transfer,5529.36,1,98.73857142857142,1184.8628571428571
743,46,81.3,0,Month-to-month,Credit card,3683.89,0,78.38063829787234,940.567659574468
744,20,95.99,1,One year,Bank transfer,1924.84,0,91.65904761904761,1099.9085714285713
745,57,57.1,1,Month-to-month,Credit card,3197.4,1,55.12758620689655,661.5310344827586
746,26,80.17,0,Month-to-month,Bank transfer,2143.76,1,79.39851851851853,952.7822222222223
747,38,104.19,0,Month-to-month,Credit card,4095.61,1,105.01564102564103,1260.1876923076925
748,23,79.42,2,One year,Bank transfer,1850.86,1,77.11916666666666,925.4299999999998
749,23,48.24,1,Month-to-month,Credit card,1077.77,0,44.90708333333333,538.885
750,12,82.88,1,One year,Bank transfer,867.88,1,66.76,801.1200000000001
751,69,83.9,3,Month-to-month,Credit card,5704.88,0,81.49828571428571,977.9794285714286
752,11,115.66,0,Month-to-month,Credit card,1350.0,0,112.5,1350.0
753,7,50.8,3,Month-to-month,Credit card,304.14,1,38.0175,456.21
754,67,56.76,0,Month-to-month,Credit card,3784.38,0,55.65264705882353,667.8317647058824
755,40,99.33,2,Month-to-month,Bank transfer,4005.97,0,97.70658536585366,1172.479024390244
756,32,65.63,2,One year,Mailed check,2174.27,0,65.8869696969697,790.6436363636365
757,53,91.02,1,Month-to-month,Bank transfer,4814.08,1,89.14962962962963,1069.7955555555554
758,28,60.57,0,Month-to-month,Credit card,1675.73,0,57.783793103448275,693.4055172413794
759,10,33.7,0,Month-to-month,Credit card,340.58,0,30.96181818181818,371.54181818181814
760,52,91.97,3,Month-to-month,Mailed check,4751.06,1,89.64264150943397,1075.7116981132076
761,13,24.43,3,Month-to-month,Credit card,288.9,1,20.635714285714283,247.62857142857138
762,40,31.84,2,Month-to-month,Credit card,1294.19,1,31.56560975609756,378.78731707317075
763,68,78.95,2,Month-to-month,Mailed check,5377.86,0,77.94,935.28
764,67,92.2,1,Month-to-month,Credit card,6283.98,1,92.41147058823529,1108.9376470588236
765,26,108.42,2,Month-to-month,Credit card,2840.86,1,105.21703703703704,1262.6044444444447
766,56,39.98,0,Month-to-month,Credit card,2296.44,0,40.28842105263158,483.4610526315789
767,44,22.18,1,Month-to-month,Bank transfer,922.36,0,20.49688888888889,245.96266666666668
768,35,115.17,1,Month-to-month,Credit card,4057.21,1,112.70027777777779,1352.4033333333334
769,10,26.99,1,Two year,Bank transfer,233.75,0,21.25,255.0
770,27,31.74,1,Month-to-month,Credit card,876.75,0,31.3125,375.75
771,47,42.05,2,One year,Credit card,2010.78,1,41.89125,502.695
772,71,68.23,1,Month-to-month,Credit card,4846.82,0,67.31694444444445,807.8033333333333
773,1,107.11,1,Month-to-month,Mailed check,227.48,1,113.74,1364.8799999999999
774,51,93.66,1,Month-to-month,Credit card,4848.06,0,93.23192307692308,1118.783076923077
775,61,87.9,1,Month-to-month,Bank transfer,5420.76,0,87.43161290322581,1049.1793548387097
776,68,29.27,0,One year,Credit card,2028.57,0,29.399565217391302,352.79478260869564
777,31,49.35,0,One year,Credit card,1618.02,0,50.563125,606.7574999999999
778,9,62.62,0,Month-to-month,Credit card,491.73,1,49.173,590.076
779,20,26.22,1,One year,Bank transfer,592.91,0,28.233809523809523,338.80571428571426
780,61,40.08,1,Month-to-month,Bank transfer,2395.32,0,38.6341935483871,463.61032258064523
781,63,43.92,0,Month-to-month,Mailed check,2738.74,1,42.7928125,513.51375
782,46,24.0,1,One year,Mailed check,1132.07,0,24.08659574468085,289.0391489361702
783,9,70.53,3,Month-to-month,Bank transfer,696.43,1,69.643,835.716
784,9,87.55,0,Month-to-month,Bank transfer,730.27,1,73.027,876.3240000000001
785,34,17.69,3,Two year,Bank transfer,575.83,1,16.452285714285715,197.42742857142858
786,42,62.92,1,Two year,Bank transfer,2647.52,0,61.57023255813954,738.8427906976744
787,3,96.04,0,One year,Credit card,278.8,0,69.7,836.4000000000001
788,49,92.28,1,Month-to-month,Mailed check,4564.42,1,91.2884,1095.4607999999998
789,39,99.66,1,One year,Mailed check,4058.54,0,101.4635,1217.562
790,1,59.31,1,Month-to-month,Credit card,80.28,1,40.14,481.68
791,7,100.26,1,Month-to-month,Mailed check,665.06,1,83.1325,997.5899999999999
792,33,36.48,1,Month-to-month,Mailed check,1139.01,0,33.50029411764706,402.0035294117647
793,52,49.69,1,Two year,Credit card,2567.62,0,48.445660377358486,581.3479245283019
794,59,29.4,0,Two year,Mailed check,1687.59,0,28.1265,337.51800000000003
795,31,61.42,0,One year,Credit card,1927.4,0,60.23125,722.7750000000001
796,21,53.13,0,Month-to-month,Credit card,1138.33,0,51.74227272727273,620.9072727272727
797,69,36.5,0,Month-to-month,Credit card,2495.34,0,35.64771428571429,427.77257142857144
798,33,92.7,2,Month-to-month,Bank transfer,3158.35,1,92.89264705882353,1114.7117647058824
799,23,44.52,1,Two year,Credit card,987.19,1,41.13291666666667,493.595
800,32,40.01,0,Month-to-month,Mailed check,1274.35,1,38.61666666666667,463.4
801,1,24.4,1,Month-to-month,Credit card,56.36,0,28.18,338.15999999999997
802,22,58.27,0,One year,Credit card,1326.54,0,57.67565217391304,692.1078260869565
803,37,43.33,4,Month-to-month,Bank transfer,1667.09,1,43.870789473684205,526.4494736842105
804,66,50.62,0,One year,Credit card,3362.34,0,50.184179104477614,602.2101492537314
805,53,35.96,1,Month-to-month,Bank transfer,1958.43,1,36.26722222222222,435.2066666666667
806,56,93.95,0,One year,Credit card,5227.94,0,91.71824561403508,1100.618947368421
807,39,112.3,0,Month-to-month,Mailed check,4425.6,1,110.64000000000001,1327.6800000000003
808,8,64.77,1,Month-to-month,Bank transfer,563.4,1,62.599999999999994,751.1999999999999
809,28,80.73,0,Month-to-month,Credit card,2336.08,0,80.5544827586207,966.6537931034484
810,71,105.39,1,Month-to-month,Credit card,7399.27,0,102.7676388888889,1233.2116666666668
811,4,119.87,1,Month-to-month,Credit card,434.12,1,86.824,1041.888
812,63,77.49,1,Month-to-month,Mailed check,4923.03,1,76.92234375,923.068125
813,49,107.88,1,Month-to-month,Bank transfer,5153.55,1,103.071,1236.8519999999999
814,21,109.95,0,One year,Credit card,2333.55,1,106.07045454545455,1272.8454545454547
815,56,97.06,1,Month-to-month,Credit card,5488.35,0,96.28684210526316,1155.4421052631578
816,60,60.7,0,One year,Mailed check,3613.18,0,59.23245901639344,710.7895081967213
817,4,18.93,1,One year,Credit card,54.21,0,10.842,130.104
818,8,11.74,2,Month-to-month,Bank transfer,40.21,1,4.467777777777778,53.61333333333334
819,48,62.49,1,One year,Bank transfer,2973.44,0,60.68244897959184,728.1893877551021
820,71,64.37,1,Month-to-month,Credit card,4545.64,0,63.13388888888889,757.6066666666667
821,2,54.81,0,Month-to-month,Bank transfer,75.48,1,25.16,301.92
822,48,72.5,1,Month-to-month,Credit card,3443.12,0,70.26775510204081,843.2130612244897
823,10,70.74,4,One year,Credit card,693.85,1,63.07727272727273,756.9272727272728
824,47,102.03,2,Month-to-month,Mailed check,4781.25,0,99.609375,1195.3125
825,45,21.95,2,Month-to-month,Bank transfer,1081.46,1,23.51,282.12
826,7,34.77,1,Two year,Mailed check,223.68,1,27.96,335.52
827,49,97.23,2,Month-to-month,Bank transfer,4781.48,0,95.6296,1147.5552
828,64,103.26,2,Two year,Credit card,6579.8,0,101.22769230769231,1214.7323076923076
829,62,119.43,2,One year,Bank transfer,7375.18,1,117.06634920634922,1404.7961904761905
830,3,106.02,0,Two year,Bank transfer,232.84,1,58.21,698.52
831,18,107.89,0,Two year,Credit card,1863.45,0,98.07631578947368,1176.915789473684
832,18,44.58,1,Two year,Credit card,742.09,1,39.05736842105264,468.6884210526316
833,33,54.18,3,Month-to-month,Bank transfer,1797.12,1,52.85647058823529,634.2776470588235
834,11,39.49,2,One year,Bank transfer,488.2,0,40.68333333333333,488.19999999999993
835,61,76.69,3,One year,Credit card,4588.76,1,74.01225806451613,888.1470967741936
836,56,113.27,1,One year,Mailed check,6315.67,0,110.80122807017544,1329.6147368421052
837,58,47.91,1,Month-to-month,Credit card,2710.44,0,45.93966101694915,551.2759322033899
838,15,71.27,1,Two year,Credit card,1055.84,0,65.99,791.8799999999999
839,2,42.59,2,Month-to-month,Credit card,138.97,0,46.32333333333333,555.88
840,65,28.68,1,Month-to-month,Mailed check,1841.86,0,27.906969696969696,334.88363636363636
841,21,31.47,1,Month-to-month,Credit card,658.49,0,29.93136363636364,359.17636363636365
842,47,16.37,0,Month-to-month,Bank transfer,842.15,1,17.544791666666665,210.53749999999997
843,65,114.42,1,One year,Credit card,7460.2,1,113.03333333333333,1356.4
844,3,54.32,1,Month-to-month,Bank transfer,124.96,0,31.24,374.88
845,1,101.75,1,One year,Bank transfer,109.7,1,54.85,658.2
846,1,84.95,0,One year,Credit card,43.57,1,21.785,261.42
847,12,31.11,1,Month-to-month,Mailed check,394.34,1,30.333846153846153,364.00615384615384
848,4,29.3,2,One year,Credit card,142.97,0,28.594,343.12800000000004
849,59,99.32,1,Month-to-month,Credit card,5791.52,1,96.52533333333334,1158.304
850,44,39.12,0,One year,Bank transfer,1730.04,0,38.44533333333333,461.34399999999994
851,70,110.46,0,Two year,Bank transfer,7726.32,0,108.82140845070423,1305.8569014084508
852,57,25.41,2,Month-to-month,Credit card,1475.6,0,25.441379310344825,305.2965517241379
853,69,84.55,0,One year,Bank transfer,5875.52,0,83.936,1007.2320000000001
854,17,99.59,1,Month-to-month,Credit card,1716.9,0,95.38333333333334,1144.6000000000001
855,21,35.88,3,Month-to-month,Bank transfer,738.32,1,33.56,402.72
856,61,40.38,2,One year,Bank transfer,2509.85,0,40.48145161290322,485.7774193548387
857,18,116.1,1,Month-to-month,Mailed check,2046.15,1,107.6921052631579,1292.3052631578948
858,5,39.11,3,One year,Bank transfer,129.52,1,21.58666666666667,259.04
859,48,57.3,1,Month-to-month,Bank transfer,2590.64,0,52.87020408163265,634.4424489795917
860,57,57.58,2,Month-to-month,Bank transfer,3278.55,0,56.52672413793104,678.3206896551725
861,69,37.83,0,Two year,Credit card,2569.19,0,36.702714285714286,440.43257142857146
862,66,95.34,2,Month-to-month,Credit card,6312.33,1,94.21388059701492,1130.566567164179
863,9,94.9,4,Month-to-month,Mailed check,755.54,1,75.554,906.648
864,55,51.61,1,Month-to-month,Credit card,2806.19,0,50.11053571428572,601.3264285714286
865,61,101.86,1,One year,Bank transfer,6236.97,0,100.59629032258064,1207.1554838709676
866,50,33.44,4,Month-to-month,Credit card,1620.51,1,31.77470588235294,381.29647058823525
867,59,10.47,1,Month-to-month,Mailed check,638.19,0,10.636500000000002,127.63800000000002
868,60,72.83,0,Month-to-month,Credit card,4341.95,0,71.17950819672132,854.1540983606558
869,32,119.35,3,Month-to-month,Mailed check,3817.56,1,115.68363636363637,1388.2036363636364
870,3,14.25,1,Two year,Bank transfer,72.51,0,18.1275,217.53000000000003
871,33,32.88,0,Month-to-month,Credit card,1132.68,0,33.31411764705882,399.76941176470586
872,15,67.08,1,Month-to-month,Bank transfer,1010.82,0,63.17625,758.115
873,9,99.09,0,One year,Bank transfer,851.11,1,85.111,1021.3320000000001
874,9,19.79,0,Month-to-month,Credit card,155.21,1,15.521,186.252
875,50,53.48,1,Month-to-month,Credit card,2705.85,0,53.055882352941175,636.6705882352941
876,36,92.18,1,Month-to-month,Bank transfer,3267.42,1,88.30864864864866,1059.7037837837838
877,39,50.87,1,Month-to-month,Bank transfer,1975.03,1,49.37575,592.509
878,53,30.77,1,One year,Credit card,1611.52,1,29.84296296296296,358.11555555555555
879,39,31.5,0,Two year,Mailed check,1223.33,0,30.58325,366.999
880,45,55.11,1,Two year,Credit card,2429.49,0,52.815,633.78
881,7,62.74,1,Two year,Credit card,346.58,0,43.3225,519.87
882,61,104.8,1,Month-to-month,Bank transfer,6418.84,1,103.52967741935484,1242.3561290322582
883,32,80.65,2,Month-to-month,Credit card,2629.01,0,79.6669696969697,956.0036363636364
884,12,85.94,0,One year,Credit card,941.67,1,72.43615384615384,869.2338461538461
885,58,118.13,0,Two year,Bank transfer,6869.99,0,116.44050847457626,1397.286101694915
886,53,55.3,1,One year,Credit card,2985.06,0,55.278888888888886,663.3466666666666
887,4,54.37,4,Month-to-month,Credit card,247.28,1,49.456,593.472
888,14,111.57,2,One year,Bank transfer,1541.15,1,102.74333333333334,1232.92
889,2,37.05,4,One year,Bank transfer,26.93,1,8.976666666666667,107.72
890,20,90.28,3,Two year,Mailed check,1809.65,0,86.17380952380952,1034.0857142857144
891,8,93.0,0,One year,Bank transfer,756.39,1,84.04333333333334,1008.52
892,51,20.76,0,Month-to-month,Bank transfer,1063.55,0,20.452884615384615,245.43461538461537
893,38,61.51,0,Month-to-month,Credit card,2328.37,0,59.70179487179487,716.4215384615384
894,70,32.06,1,Month-to-month,Bank transfer,2190.07,0,30.84605633802817,370.152676056338
895,54,30.39,3,Month-to-month,Credit card,1662.19,0,30.221636363636364,362.65963636363637
896,44,61.02,1,Two year,Credit card,2708.42,0,60.187111111111115,722.2453333333334
897,37,41.84,1,Month-to-month,Mailed check,1558.12,0,41.00315789473684,492.0378947368421
898,4,97.57,0,Month-to-month,Bank transfer,395.83,0,79.166,949.992
899,5,109.84,0,Month-to-month,Bank transfer,633.16,1,105.52666666666666,1266.32
900,44,98.3,1,One year,Credit card,4293.98,1,95.42177777777776,1145.061333333333
901,1,39.26,3,Month-to-month,Credit card,103.33,1,51.665,619.98
902,4,40.15,0,Month-to-month,Bank transfer,123.9,1,24.78,297.36
903,16,38.02,1,Two year,Bank transfer,663.77,0,39.04529411764706,468.5435294117647
904,63,24.85,1,Month-to-month,Bank transfer,1627.22,0,25.4253125,305.10375
905,33,113.82,1,Month-to-month,Credit card,3741.41,1,110.04147058823528,1320.4976470588235
906,51,54.23,1,Month-to-month,Credit card,2848.78,0,54.784230769230774,657.4107692307693
907,30,34.72,1,Month-to-month,Bank transfer,1065.05,1,34.35645161290322,412.2774193548387
908,13,103.13,2,One year,Bank transfer,1296.83,0,92.63071428571428,1111.5685714285714
909,27,53.91,0,Two year,Credit card,1436.86,1,51.31642857142857,615.7971428571428
910,7,13.86,1,Month-to-month,Credit card,153.66,1,19.2075,230.49
911,55,27.81,0,Two year,Credit card,1575.7,0,28.1375,337.65
912,14,80.32,2,One year,Credit card,1071.58,1,71.43866666666666,857.2639999999999
913,27,96.12,1,Month-to-month,Bank transfer,2588.28,1,92.43857142857144,1109.2628571428572
914,70,33.2,1,Month-to-month,Credit card,2334.18,0,32.87577464788732,394.50929577464785
915,43,110.91,2,Month-to-month,Bank transfer,4743.75,1,107.8125,1293.75
916,33,103.61,0,Two year,Bank transfer,3537.02,1,104.03,1248.3600000000001
917,39,103.32,2,Month-to-month,Mailed check,4041.16,1,101.029,1212.348
918,56,35.04,3,Month-to-month,Mailed check,1959.15,1,34.37105263157895,412.4526315789474
919,19,15.56,2,One year,Credit card,355.18,0,17.759,213.108
920,46,105.42,1,Two year,Credit card,4831.06,0,102.78851063829788,1233.4621276595744
921,62,43.64,0,One year,Credit card,2756.05,0,43.7468253968254,524.9619047619049
922,41,78.08,1,One year,Bank transfer,3117.89,0,74.23547619047619,890.8257142857143
923,32,93.6,0,Month-to-month,Credit card,2972.52,0,90.07636363636364,1080.9163636363637
924,11,24.11,0,Two year,Credit card,317.66,0,26.471666666666668,317.66
925,18,95.89,2,Month-to-month,Credit card,1804.53,0,94.97526315789473,1139.7031578947367
926,68,113.24,0,Month-to-month,Credit card,7661.66,0,111.03855072463767,1332.462608695652
927,39,90.12,2,Two year,Bank transfer,3470.19,1,86.75475,1041.057
928,22,58.53,2,Month-to-month,Bank transfer,1316.03,0,57.21869565217391,686.6243478260869
929,30,106.43,2,Month-to-month,Bank transfer,3161.75,0,101.99193548387096,1223.9032258064515
930,42,68.02,2,One year,Mailed check,2843.41,1,66.12581395348838,793.5097674418605
931,39,91.92,3,Month-to-month,Credit card,3628.7,1,90.7175,1088.6100000000001
932,50,100.26,1,Month-to-month,Credit card,4985.79,0,97.76058823529412,1173.1270588235295
933,19,92.43,0,One year,Credit card,1657.9,0,82.89500000000001,994.7400000000001
934,47,41.66,2,One year,Bank transfer,1892.97,0,39.436875,473.2425
935,32,22.96,1,One year,Bank transfer,735.22,0,22.27939393939394,267.3527272727273
936,67,36.22,1,Month-to-month,Credit card,2333.57,1,34.317205882352944,411.80647058823536
937,12,65.32,0,Month-to-month,Mailed check,768.98,0,59.152307692307694,709.8276923076924
938,11,65.58,1,One year,Credit card,651.78,0,54.315,651.78
939,33,74.09,1,Month-to-month,Credit card,2526.97,0,74.32264705882352,891.8717647058822
940,37,53.46,2,Month-to-month,Bank transfer,2086.28,1,54.9021052631579,658.8252631578948
941,50,96.56,0,Month-to-month,Mailed check,4775.09,1,93.6292156862745,1123.550588235294
942,29,110.45,0,Month-to-month,Bank transfer,3215.89,0,107.19633333333333,1286.356
943,65,37.14,2,Month-to-month,Mailed check,2366.08,0,35.84969696969697,430.1963636363637
944,34,91.02,1,One year,Credit card,3079.21,0,87.97742857142858,1055.729142857143
945,10,84.58,2,Two year,Bank transfer,935.97,1,85.08818181818182,1021.0581818181819
946,9,67.54,2,Month-to-month,Mailed check,584.53,1,58.452999999999996,701.4359999999999
947,70,30.74,0,One year,Bank transfer,2137.5,0,30.1056338028169,361.2676056338028
948,10,97.48,0,Month-to-month,Credit card,927.67,1,84.33363636363636,1012.0036363636364
949,68,115.67,1,Month-to-month,Mailed check,7922.87,1,114.82420289855072,1377.8904347826087
950,20,89.4,3,One year,Credit card,1624.84,0,77.37333333333333,928.48
951,7,110.96,0,Month-to-month,Credit card,754.58,1,94.3225,1131.8700000000001
952,22,118.26,1,Two year,Mailed check,2599.43,0,113.0186956521739,1356.2243478260868
953,44,48.73,4,Month-to-month,Mailed check,2111.07,1,46.912666666666674,562.9520000000001
954,31,80.2,2,Month-to-month,Mailed check,2529.38,1,79.043125,948.5175
955,56,62.13,0,Month-to-month,Mailed check,3539.38,0,62.094385964912284,745.1326315789474
956,44,118.53,0,Month-to-month,Credit card,5144.72,0,114.32711111111112,1371.9253333333336
957,29,20.32,1,Two year,Mailed check,693.95,0,23.131666666666668,277.58000000000004
958,46,55.36,3,One year,Credit card,2475.4,0,52.66808510638298,632.0170212765958
959,69,106.31,1,Month-to-month,Bank transfer,7399.82,1,105.71171428571428,1268.5405714285714
960,30,41.25,2,Month-to-month,Credit card,1244.99,1,40.16096774193549,481.93161290322587
961,11,96.66,0,One year,Mailed check,1038.07,1,86.50583333333333,1038.07
962,30,52.11,0,One year,Bank transfer,1542.83,0,49.76870967741935,597.2245161290323
963,60,117.8,2,Month-to-month,Mailed check,7066.32,1,115.84131147540982,1390.0957377049178
964,16,107.19,0,Month-to-month,Credit card,1725.46,0,101.49764705882353,1217.9717647058824
965,68,43.15,1,Month-to-month,Credit card,2888.19,0,41.85782608695652,502.29391304347826
966,42,94.72,4,Month-to-month,Credit card,3966.54,0,92.24511627906976,1106.9413953488372
967,43,47.05,1,Month-to-month,Credit card,1984.62,0,45.105,541.26
968,23,76.7,0,Month-to-month,Bank transfer,1703.35,0,70.97291666666666,851.675
969,66,82.43,1,Month-to-month,Credit card,5399.51,0,80.58970149253732,967.0764179104478
970,3,101.26,3,Month-to-month,Bank transfer,246.28,0,61.57,738.84
971,22,12.69,2,Month-to-month,Credit card,258.17,1,11.224782608695653,134.69739130434783
972,30,34.22,3,Two year,Credit card,1048.22,1,33.81354838709677,405.7625806451613
973,34,88.31,0,Month-to-month,Bank transfer,3008.58,0,85.95942857142857,1031.5131428571428
974,34,71.99,1,Month-to-month,Credit card,2546.38,0,72.7537142857143,873.0445714285715
975,11,64.52,0,Month-to-month,Credit card,599.2,0,49.93333333333334,599.2
976,17,16.07,1,Month-to-month,Credit card,296.66,1,16.48111111111111,197.77333333333334
977,7,48.31,0,Two year,Credit card,338.49,0,42.31125,507.735
978,41,105.16,1,Month-to-month,Bank transfer,4352.34,0,103.62714285714286,1243.5257142857142
979,25,13.4,1,Month-to-month,Credit card,370.82,0,14.262307692307692,171.1476923076923
980,41,53.61,1,Two year,Credit card,2189.76,0,52.13714285714286,625.6457142857143
981,42,113.97,1,One year,Bank transfer,4795.37,0,111.52023255813953,1338.2427906976743
982,50,15.6,1,One year,Bank transfer,742.8,0,14.564705882352941,174.7764705882353
983,39,92.47,0,Month-to-month,Bank transfer,3637.01,0,90.92525,1091.103
984,47,38.34,3,Month-to-month,Credit card,1708.04,1,35.58416666666667,427.01
985,42,105.33,0,One year,Mailed check,4462.7,0,103.78372093023255,1245.4046511627905
986,47,92.07,2,Month-to-month,Credit card,4326.13,1,90.12770833333333,1081.5325
987,44,107.43,2,One year,Credit card,4702.57,1,104.50155555555556,1254.0186666666666
988,23,33.75,1,One year,Mailed check,764.62,0,31.859166666666667,382.31
989,18,68.44,0,Month-to-month,Bank transfer,1223.96,0,64.41894736842106,773.0273684210526
990,56,95.72,1,Month-to-month,Bank transfer,5425.19,0,95.17877192982455,1142.1452631578945
991,25,37.03,3,Month-to-month,Mailed check,1087.42,1,41.823846153846155,501.8861538461539
992,39,35.38,0,Month-to-month,Credit card,1440.81,0,36.02025,432.24299999999994
993,14,12.99,1,One year,Mailed check,153.59,1,10.239333333333333,122.87199999999999
994,31,115.44,3,One year,Bank transfer,3610.13,1,112.8165625,1353.79875
995,38,88.1,1,Month-to-month,Credit card,3381.47,0,86.70435897435897,1040.4523076923076
996,45,79.91,1,One year,Credit card,3549.69,1,77.16717391304348,926.0060869565218
997,38,91.84,0,Month-to-month,Credit card,3426.88,1,87.86871794871796,1054.4246153846154
998,26,68.48,2,One year,Mailed check,1777.32,0,65.82666666666667,789.9200000000001
999,69,62.37,0,Month-to-month,Credit card,4343.92,0,62.056000000000004,744.672
1000,37,59.45,1,One year,Credit card,2119.06,0,55.764736842105265,669.1768421052632
1001,58,80.45,0,One year,Bank transfer,4630.06,0,78.475593220339,941.7071186440679
1002,53,32.17,1,Month-to-month,Bank transfer,1733.64,0,32.10444444444445,385.25333333333333
1003,40,107.69,1,Month-to-month,Credit card,4309.69,1,105.11439024390243,1261.3726829268292
1004,63,99.29,0,Two year,Mailed check,6326.08,1,98.845,1186.1399999999999
1005,10,48.45,0,Month-to-month,Bank transfer,413.93,0,37.63,451.56000000000006
1006,66,73.65,0,One year,Mailed check,4978.51,0,74.30611940298508,891.6734328358209
1007,61,25.51,0,Two year,Credit card,1479.21,0,23.858225806451614,286.29870967741937
1008,36,116.96,1,Two year,Credit card,4109.1,0,111.05675675675677,1332.6810810810812
1009,53,109.32,2,Month-to-month,Bank transfer,5791.01,1,107.24092592592594,1286.8911111111113
1010,37,111.41,2,One year,Credit card,4065.45,0,106.98552631578947,1283.8263157894737
1011,20,46.54,0,Two year,Bank transfer,928.86,0,44.23142857142857,530.7771428571428
1012,57,28.6,1,Month-to-month,Credit card,1626.51,1,28.043275862068967,336.5193103448276
1013,18,33.29,1,Month-to-month,Bank transfer,589.43,0,31.022631578947365,372.27157894736837
1014,23,19.9,1,Month-to-month,Mailed check,415.58,0,17.315833333333334,207.79000000000002
1015,37,23.21,1,One year,Mailed check,880.4,0,23.16842105263158,278.021052631579
1016,60,17.84,1,Month-to-month,Mailed check,1054.53,1,17.28737704918033,207.44852459016394
1017,28,118.88,0,Month-to-month,Mailed check,3383.82,0,116.68344827586208,1400.201379310345
1018,36,18.15,4,Month-to-month,Credit card,644.38,0,17.415675675675676,208.98810810810812
1019,3,24.58,1,One year,Credit card,25.51,0,6.3775,76.53
1020,9,101.0,1,Month-to-month,Mailed check,824.61,0,82.461,989.5319999999999
1021,4,73.83,2,Two year,Mailed check,286.71,0,57.342,688.104
1022,6,95.19,2,One year,Mailed check,507.68,0,72.52571428571429,870.3085714285714
1023,62,79.4,0,Two year,Bank transfer,4855.3,0,77.06825396825397,924.8190476190476
1024,60,107.04,0,Two year,Credit card,6448.77,0,105.71754098360657,1268.6104918032788
1025,59,80.23,2,Month-to-month,Mailed check,4644.69,0,77.41149999999999,928.9379999999999
1026,4,67.43,1,One year,Mailed check,340.33,0,68.066,816.792
1027,6,88.4,1,Month-to-month,Bank transfer,538.39,1,76.91285714285713,922.9542857142856
1028,20,59.21,2,Two year,Mailed check,1182.01,0,56.28619047619048,675.4342857142857
1029,41,48.07,0,Month-to-month,Bank transfer,1919.13,1,45.69357142857143,548.3228571428572
1030,24,61.44,3,One year,Mailed check,1512.78,0,60.5112,726.1344
1031,35,28.67,1,One year,Credit card,1003.3,0,27.869444444444444,334.43333333333334
1032,13,97.62,1,Month-to-month,Mailed check,1234.76,0,88.19714285714285,1058.3657142857141
1033,52,38.68,1,One year,Credit card,2021.35,0,38.138679245283015,457.6641509433962
1034,23,26.89,0,Month-to-month,Credit card,534.33,0,22.26375,267.165
1035,5,37.1,1,Month-to-month,Credit card,103.73,1,17.288333333333334,207.46
1036,53,102.63,2,Month-to-month,Bank transfer,5383.38,0,99.69222222222223,1196.3066666666668
1037,65,46.32,0,Month-to-month,Credit card,3028.28,1,45.8830303030303,550.5963636363637
1038,2,85.47,1,Month-to-month,Mailed check,170.78,0,56.92666666666667,683.12
1039,32,104.21,3,Two year,Bank transfer,3387.17,1,102.64151515151515,1231.6981818181819
1040,59,18.55,1,Month-to-month,Mailed check,1048.45,0,17.47416666666667,209.69000000000003
1041,51,94.15,1,Month-to-month,Credit card,4830.38,1,92.89192307692308,1114.7030769230769
1042,61,43.84,1,Two year,Credit card,2668.55,0,43.04112903225807,516.4935483870968
1043,30,33.83,0,One year,Bank transfer,967.75,0,31.217741935483872,374.61290322580646
1044,27,85.78,1,Month-to-month,Bank transfer,2335.33,1,83.40464285714286,1000.8557142857144
1045,51,110.08,2,Two year,Bank transfer,5610.78,0,107.89961538461537,1294.7953846153846
1046,11,42.45,0,Month-to-month,Mailed check,435.49,0,36.29083333333333,435.49
1047,17,72.57,0,Month-to-month,Mailed check,1235.79,0,68.655,823.86
1048,43,41.88,0,Month-to-month,Bank transfer,1794.36,0,40.78090909090909,489.3709090909091
1049,48,70.97,1,One year,Mailed check,3398.88,0,69.36489795918368,832.3787755102042
1050,9,78.4,1,Month-to-month,Bank transfer,684.97,0,68.497,821.9639999999999
1051,37,77.14,0,Month-to-month,Bank transfer,2788.93,0,73.3928947368421,880.7147368421051
1052,26,78.59,2,One year,Credit card,2047.08,1,75.81777777777778,909.8133333333333
1053,36,24.86,2,Month-to-month,Credit card,854.82,0,23.103243243243245,277.23891891891896
1054,69,86.29,1,Month-to-month,Credit card,5902.99,1,84.32842857142857,1011.941142857143
1055,6,84.22,2,One year,Bank transfer,493.29,0,70.47,845.64
1056,71,85.08,2,One year,Bank transfer,6077.38,0,84.40805555555556,1012.8966666666668
1057,32,18.15,0,Month-to-month,Credit card,590.08,0,17.881212121212123,214.57454545454547
1058,55,59.15,2,Month-to-month,Bank transfer,3226.69,0,57.61946428571429,691.4335714285714
1059,31,54.99,1,Two year,Credit card,1676.12,0,52.37875,628.545
1060,23,19.54,0,Month-to-month,Credit card,481.21,0,20.050416666666667,240.60500000000002
1061,55,34.46,2,Month-to-month,Mailed check,1775.46,1,31.704642857142858,380.4557142857143
1062,49,58.51,0,Month-to-month,Credit card,2906.86,0,58.1372,697.6464
1063,11,91.72,1,Month-to-month,Credit card,915.22,0,76.26833333333333,915.22
1064,51,36.08,1,Two year,Bank transfer,1769.31,0,34.02519230769231,408.3023076923077
1065,54,101.27,0,Month-to-month,Credit card,5442.87,1,98.96127272727273,1187.5352727272727
1066,28,70.04,1,Month-to-month,Bank transfer,2069.63,0,71.36655172413793,856.3986206896552
1067,66,93.65,1,Month-to-month,Mailed check,6264.77,1,93.50402985074628,1122.0483582089553
1068,46,61.98,3,Month-to-month,Bank transfer,2886.4,1,61.41276595744681,736.9531914893616
1069,24,64.91,2,Month-to-month,Bank transfer,1575.67,0,63.0268,756.3216
1070,1,78.17,0,Two year,Credit card,0.0,1,0.0,0.0
1071,48,112.08,1,One year,Bank transfer,5387.68,0,109.9526530612245,1319.431836734694
1072,15,64.1,2,Month-to-month,Credit card,934.04,1,58.3775,700.53
1073,54,68.15,2,Month-to-month,Credit card,3639.27,1,66.16854545454545,794.0225454545455
1074,38,76.22,1,Month-to-month,Mailed check,2904.1,1,74.46410256410256,893.5692307692307
1075,34,91.13,2,Month-to-month,Credit card,3074.86,1,87.85314285714286,1054.2377142857142
1076,12,17.9,1,Month-to-month,Bank transfer,258.26,1,19.866153846153846,238.39384615384614
1077,51,66.73,1,Month-to-month,Credit card,3306.43,0,63.5851923076923,763.0223076923077
1078,12,62.98,4,One year,Mailed check,759.51,1,58.423846153846156,701.0861538461538
1079,30,111.39,3,Two year,Credit card,3297.75,1,106.37903225806451,1276.5483870967741
1080,60,64.29,1,Month-to-month,Credit card,3836.92,0,62.90032786885246,754.8039344262295
1081,66,61.52,2,Two year,Mailed check,4075.55,0,60.82910447761194,729.9492537313433
1082,71,115.84,0,Month-to-month,Bank transfer,8168.77,1,113.4551388888889,1361.4616666666668
1083,69,59.56,2,Month-to-month,Mailed check,4117.85,0,58.82642857142858,705.917142857143
1084,40,29.9,1,One year,Credit card,1185.38,0,28.911707317073173,346.9404878048781
1085,15,33.86,4,Month-to-month,Bank transfer,474.87,0,29.679375,356.15250000000003
1086,60,20.47,1,Month-to-month,Mailed check,1204.67,0,19.748688524590165,236.98426229508198
1087,57,10.06,0,One year,Bank transfer,565.69,0,9.753275862068966,117.03931034482758
1088,71,57.51,0,Month-to-month,Bank transfer,4044.82,0,56.17805555555556,674.1366666666668
1089,47,94.62,2,Two year,Credit card,4447.49,1,92.65604166666667,1111.8725
1090,11,90.68,2,Month-to-month,Bank transfer,983.57,1,81.96416666666667,983.57
1091,36,13.54,0,One year,Mailed check,456.88,0,12.348108108108107,148.1772972972973
1092,32,72.7,0,Month-to-month,Bank transfer,2405.89,0,72.90575757575758,874.8690909090909
1093,60,26.97,1,Month-to-month,Mailed check,1638.96,1,26.868196721311477,322.41836065573773
1094,28,113.52,1,Month-to-month,Bank transfer,3159.42,1,108.9455172413793,1307.3462068965516
1095,24,28.41,3,Two year,Bank transfer,689.13,0,27.5652,330.7824
1096,6,78.93,2,Month-to-month,Credit card,422.24,0,60.32,723.84
1097,60,45.89,0,Two year,Bank transfer,2731.56,0,44.77967213114754,537.3560655737705
1098,54,80.57,0,Month-to-month,Mailed check,4334.78,0,78.81418181818181,945.7701818181818
1099,3,55.35,0,Month-to-month,Bank transfer,103.71,0,25.9275,311.13
1100,31,93.56,1,Month-to-month,Credit card,2919.73,1,91.2415625,1094.89875
1101,35,35.37,0,Month-to-month,Bank transfer,1212.67,0,33.68527777777778,404.22333333333336
1102,34,109.64,1,Two year,Bank transfer,3709.99,1,105.99971428571428,1271.9965714285713
1103,66,65.02,1,Month-to-month,Mailed check,4262.88,0,63.625074626865675,763.5008955223881
1104,11,93.17,0,One year,Credit card,1172.82,1,97.735,1172.82
1105,22,103.47,0,Month-to-month,Credit card,2243.21,1,97.53086956521739,1170.3704347826088
1106,13,119.87,0,Month-to-month,Credit card,1454.88,0,103.92,1247.04
1107,18,34.63,0,One year,Credit card,543.34,1,28.59684210526316,343.1621052631579
1108,65,41.56,1,Two year,Mailed check,2739.37,0,41.505606060606056,498.06727272727267
1109,67,37.55,0,One year,Credit card,2582.67,0,37.98044117647059,455.7652941176471
1110,4,38.92,2,Month-to-month,Bank transfer,121.59,1,24.318,291.81600000000003
1111,45,74.07,1,One year,Credit card,3397.1,0,73.85,886.1999999999999
1112,17,119.29,2,One year,Credit card,2065.01,1,114.7227777777778,1376.6733333333336
1113,14,118.93,0,Month-to-month,Mailed check,1655.55,1,110.36999999999999,1324.4399999999998
1114,21,67.95,3,One year,Bank transfer,1413.93,0,64.26954545454545,771.2345454545455
1115,14,80.29,1,Month-to-month,Credit card,1133.1,0,75.53999999999999,906.4799999999999
1116,35,104.6,2,One year,Credit card,3704.87,1,102.91305555555556,1234.9566666666667
1117,71,112.62,0,Two year,Mailed check,8015.88,0,111.33166666666666,1335.98
1118,42,32.42,1,Two year,Mailed check,1327.8,0,30.87906976744186,370.5488372093023
1119,52,68.14,1,One year,Credit card,3534.57,0,66.69,800.28
1120,36,101.61,1,One year,Bank transfer,3757.02,1,101.54108108108107,1218.492972972973
1121,1,43.35,0,One year,Credit card,55.91,0,27.955,335.46
1122,6,58.38,1,Month-to-month,Bank transfer,393.75,1,56.25,675.0
1123,20,118.42,0,Month-to-month,Credit card,2395.39,1,114.06619047619047,1368.7942857142857
1124,18,118.36,1,Month-to-month,Mailed check,2144.15,1,112.85000000000001,1354.2
1125,60,109.67,0,Month-to-month,Mailed check,6585.63,0,107.9611475409836,1295.5337704918034
1126,60,97.83,0,Two year,Credit card,5914.67,0,96.96180327868852,1163.5416393442622
1127,61,39.6,0,Two year,Bank transfer,2451.53,0,39.54080645161291,474.4896774193549
1128,46,45.29,2,Month-to-month,Credit card,2096.53,1,44.60702127659575,535.284255319149
1129,40,70.2,3,Month-to-month,Credit card,2773.31,1,67.64170731707317,811.7004878048781
1130,47,71.69,0,One year,Credit card,3388.71,0,70.598125,847.1775
1131,29,65.61,2,Month-to-month,Credit card,1899.34,0,63.31133333333333,759.736
1132,48,80.03,1,One year,Mailed check,3826.03,0,78.08224489795919,936.9869387755102
1133,57,54.92,2,Two year,Credit card,3264.38,0,56.28241379310345,675.3889655172414
1134,55,92.41,1,Month-to-month,Mailed check,5005.6,1,89.38571428571429,1072.6285714285714
1135,44,46.69,1,Month-to-month,Credit card,2102.29,0,46.717555555555556,560.6106666666667
1136,5,46.37,3,Month-to-month,Bank transfer,188.72,1,31.453333333333333,377.44
1137,52,23.99,1,Month-to-month,Bank transfer,1254.04,0,23.6611320754717,283.9335849056604
1138,27,30.76,0,Month-to-month,Mailed check,958.95,1,34.24821428571429,410.9785714285715
1139,53,103.56,0,Month-to-month,Credit card,5440.56,1,100.75111111111111,1209.0133333333333
1140,39,59.09,1,Month-to-month,Credit card,2268.32,0,56.708000000000006,680.4960000000001
1141,63,35.07,1,Month-to-month,Bank transfer,2208.53,0,34.50828125,414.099375
1142,25,93.53,0,Month-to-month,Bank transfer,2295.89,1,88.30346153846153,1059.6415384615384
1143,67,70.94,3,One year,Bank transfer,4797.18,1,70.54676470588235,846.5611764705882
1144,60,12.33,1,Month-to-month,Credit card,713.07,0,11.689672131147542,140.2760655737705
1145,24,44.8,1,Two year,Credit card,1107.9,0,44.316,531.792
1146,35,29.47,1,Month-to-month,Mailed check,964.99,0,26.80527777777778,321.66333333333336
1147,38,82.15,0,Month-to-month,Bank transfer,3031.36,0,77.72717948717948,932.7261538461538
1148,55,40.25,1,Month-to-month,Bank transfer,2202.3,0,39.32678571428572,471.92142857142863
1149,49,17.14,1,One year,Credit card,761.43,0,15.228599999999998,182.74319999999997
1150,61,16.04,0,Month-to-month,Credit card,1054.35,0,17.00564516129032,204.06774193548387
1151,27,73.99,1,Month-to-month,Mailed check,1921.24,1,68.61571428571429,823.3885714285715
1152,36,12.39,1,Month-to-month,Bank transfer,394.16,0,10.652972972972973,127.83567567567567
1153,31,103.37,1,Two year,Credit card,3225.15,0,100.7859375,1209.43125
1154,65,27.09,3,Month-to-month,Mailed check,1731.53,1,26.23530303030303,314.82363636363635
1155,22,76.72,0,Month-to-month,Bank transfer,1611.92,1,70.08347826086957,841.0017391304348
1156,42,58.92,1,Two year,Credit card,2576.64,0,59.921860465116275,719.0623255813953
1157,9,58.71,0,Month-to-month,Credit card,478.31,1,47.831,573.972
1158,61,17.9,1,Month-to-month,Bank transfer,1082.09,1,17.453064516129032,209.4367741935484
1159,28,98.3,0,One year,Credit card,2741.94,1,94.5496551724138,1134.5958620689655
1160,25,108.24,0,Month-to-month,Bank transfer,2741.52,0,105.44307692307692,1265.316923076923
1161,42,11.21,1,Month-to-month,Bank transfer,493.94,1,11.486976744186046,137.84372093023256
1162,36,29.65,1,Month-to-month,Credit card,1026.06,1,27.73135135135135,332.7762162162162
1163,61,109.43,0,Month-to-month,Mailed check,6658.94,1,107.40225806451612,1288.8270967741935
1164,38,70.44,1,Two year,Credit card,2665.37,0,68.34282051282051,820.1138461538461
1165,37,26.5,2,One year,Credit card,1017.95,0,26.788157894736845,321.45789473684215
1166,8,32.31,2,Month-to-month,Bank transfer,200.06,1,22.22888888888889,266.74666666666667
1167,2,82.6,2,Month-to-month,Bank transfer,266.11,0,88.70333333333333,1064.44
1168,29,89.73,2,One year,Credit card,2564.21,0,85.47366666666667,1025.6840000000002
1169,71,75.94,0,One year,Bank transfer,5391.3,0,74.87916666666666,898.55
1170,66,114.85,2,Month-to-month,Mailed check,7522.1,1,112.27014925373135,1347.2417910447762
1171,45,64.35,2,Two year,Mailed check,2830.84,1,61.540000000000006,738.48
1172,45,43.03,0,Month-to-month,Mailed check,1892.63,0,41.14413043478261,493.7295652173913
1173,28,62.5,1,One year,Credit card,1701.47,1,58.671379310344825,704.0565517241379
1174,13,49.56,0,Month-to-month,Credit card,623.57,0,44.54071428571429,534.4885714285715
1175,1,34.69,1,Month-to-month,Bank transfer,0.0,0,0.0,0.0
1176,25,15.06,0,One year,Credit card,411.28,0,15.818461538461538,189.82153846153847
1177,23,48.74,1,One year,Bank transfer,1081.87,1,45.07791666666666,540.935
1178,14,88.26,5,Month-to-month,Credit card,1190.95,1,79.39666666666668,952.7600000000001
1179,19,12.03,1,Month-to-month,Credit card,208.92,0,10.446,125.352
1180,2,58.31,2,One year,Credit card,166.26,0,55.419999999999995,665.04
1181,44,80.84,0,Month-to-month,Credit card,3567.7,1,79.28222222222222,951.3866666666665
1182,66,77.14,2,Month-to-month,Credit card,5086.26,0,75.91432835820896,910.9719402985075
1183,50,95.43,0,One year,Bank transfer,4699.85,0,92.15392156862745,1105.8470588235296
1184,32,99.16,3,Month-to-month,Bank transfer,3115.98,0,94.42363636363636,1133.0836363636363
1185,30,88.29,0,Month-to-month,Credit card,2584.78,0,83.38000000000001,1000.5600000000002
1186,22,21.31,0,Month-to-month,Credit card,534.16,0,23.224347826086955,278.69217391304346
1187,11,62.25,2,Two year,Mailed check,711.28,1,59.27333333333333,711.28
1188,43,76.37,1,Month-to-month,Credit card,3240.83,0,73.65522727272727,883.8627272727273
1189,41,37.01,1,One year,Bank transfer,1489.19,0,35.45690476190477,425.4828571428572
1190,1,14.68,2,Two year,Bank transfer,0.0,0,0.0,0.0
1191,30,34.59,2,One year,Bank transfer,993.41,1,32.04548387096774,384.5458064516129
1192,20,60.04,0,Month-to-month,Mailed check,1223.82,1,58.277142857142856,699.3257142857143
1193,13,55.53,1,Month-to-month,Bank transfer,707.51,0,50.53642857142857,606.4371428571428
1194,50,29.43,2,Month-to-month,Mailed check,1575.56,0,30.89333333333333,370.71999999999997
1195,38,100.69,2,Month-to-month,Mailed check,3888.74,1,99.71128205128204,1196.5353846153844
1196,45,111.83,1,Two year,Credit card,5097.82,1,110.82217391304347,1329.8660869565217
1197,51,32.15,2,One year,Credit card,1673.22,0,32.17730769230769,386.1276923076923
1198,70,112.25,1,Month-to-month,Credit card,7836.37,1,110.37140845070422,1324.4569014084507
1199,57,11.96,2,Month-to-month,Credit card,711.61,0,12.269137931034482,147.2296551724138
1200,45,111.75,1,Two year,Bank transfer,5011.31,1,108.94152173913044,1307.2982608695652
1201,63,114.71,0,Month-to-month,Credit card,7308.24,1,114.19125,1370.295
1202,34,11.33,0,One year,Credit card,405.43,0,11.583714285714287,139.00457142857144
1203,70,93.93,0,Month-to-month,Credit card,6588.22,0,92.7918309859155,1113.501971830986
1204,55,116.72,2,One year,Bank transfer,6425.95,0,114.74910714285714,1376.9892857142856
1205,47,109.65,1,One year,Bank transfer,5240.56,0,109.17833333333334,1310.14
1206,65,116.78,1,Month-to-month,Mailed check,7519.01,0,113.92439393939394,1367.0927272727272
1207,37,70.54,1,Month-to-month,Credit card,2701.89,1,71.10236842105263,853.2284210526316
1208,52,18.6,1,One year,Credit card,957.89,0,18.073396226415095,216.88075471698113
1209,21,103.48,2,Month-to-month,Mailed check,2102.77,1,95.58045454545454,1146.9654545454546
1210,69,77.52,0,Month-to-month,Bank transfer,5311.27,1,75.87528571428572,910.5034285714287
1211,45,77.62,2,Month-to-month,Bank transfer,3410.36,0,74.13826086956522,889.6591304347826
1212,56,55.9,0,Month-to-month,Bank transfer,3163.08,1,55.49263157894737,665.9115789473684
1213,33,72.9,0,One year,Credit card,2353.79,0,69.22911764705883,830.7494117647059
1214,62,26.89,2,Month-to-month,Mailed check,1675.61,1,26.596984126984125,319.1638095238095
1215,6,91.37,2,Month-to-month,Bank transfer,604.93,1,86.41857142857143,1037.022857142857
1216,9,18.25,0,Two year,Bank transfer,130.65,0,13.065000000000001,156.78000000000003
1217,37,90.28,0,Month-to-month,Bank transfer,3326.95,0,87.55131578947368,1050.6157894736841
1218,53,103.39,1,Month-to-month,Credit card,5414.5,0,100.26851851851852,1203.2222222222222
1219,58,61.97,1,One year,Credit card,3574.84,0,60.590508474576275,727.0861016949153
1220,32,66.08,2,Two year,Bank transfer,2243.26,1,67.97757575757576,815.7309090909091
1221,47,44.34,1,Month-to-month,Bank transfer,2122.88,0,44.22666666666667,530.72
1222,40,116.64,1,One year,Credit card,4652.36,0,113.47219512195122,1361.6663414634145
1223,69,90.64,1,Month-to-month,Credit card,6223.58,1,88.90828571428571,1066.8994285714284
1224,47,50.59,2,Month-to-month,Mailed check,2375.6,1,49.49166666666667,593.9
1225,30,29.23,2,Two year,Credit card,883.4,1,28.496774193548386,341.9612903225806
1226,69,34.15,1,Two year,Credit card,2335.4,0,33.362857142857145,400.35428571428577
1227,8,61.03,1,Month-to-month,Bank transfer,514.74,0,57.193333333333335,686.32
1228,70,113.68,0,Month-to-month,Mailed check,7909.93,1,111.4074647887324,1336.8895774647888
1229,11,90.76,1,Month-to-month,Bank transfer,950.44,1,79.20333333333333,950.44
1230,21,33.68,2,Month-to-month,Mailed check,725.79,0,32.99045454545455,395.88545454545454
1231,59,104.55,3,Two year,Credit card,6110.02,1,101.83366666666667,1222.0040000000001
1232,53,51.6,0,One year,Mailed check,2771.25,0,51.31944444444444,615.8333333333333
1233,69,103.69,0,Month-to-month,Mailed check,7153.9,1,102.19857142857143,1226.3828571428571
1234,54,36.59,4,Month-to-month,Bank transfer,1884.46,1,34.26290909090909,411.1549090909091
1235,46,78.05,1,Month-to-month,Bank transfer,3595.77,1,76.50574468085107,918.0689361702127
1236,25,111.93,0,Month-to-month,Credit card,2713.99,1,104.38423076923075,1252.6107692307692
1237,1,38.37,1,One year,Credit card,73.04,0,36.52,438.24
1238,9,86.22,2,Month-to-month,Credit card,763.54,1,76.354,916.248
1239,22,118.6,3,Month-to-month,Credit card,2701.75,1,117.46739130434783,1409.608695652174
1240,3,26.57,1,One year,Mailed check,133.28,0,33.32,399.84000000000003
1241,37,19.72,0,Two year,Credit card,676.61,1,17.805526315789475,213.66631578947369
1242,56,84.16,2,Month-to-month,Bank transfer,4611.92,0,80.91087719298245,970.9305263157894
1243,69,47.37,0,Month-to-month,Credit card,3230.77,1,46.15385714285714,553.8462857142857
1244,35,17.84,2,Month-to-month,Credit card,563.34,0,15.648333333333333,187.78
1245,63,62.28,3,Month-to-month,Credit card,4014.93,0,62.73328125,752.7993749999999
1246,70,92.91,1,Month-to-month,Credit card,6503.18,0,91.59408450704225,1099.1290140845072
1247,62,41.36,1,One year,Bank transfer,2610.99,0,41.44428571428571,497.33142857142855
1248,34,46.86,1,Month-to-month,Mailed check,1578.99,0,45.114,541.3679999999999
1249,24,103.03,1,Month-to-month,Credit card,2463.74,0,98.5496,1182.5952
1250,70,67.21,3,Two year,Mailed check,4703.07,1,66.24042253521127,794.8850704225351
1251,18,102.7,3,Month-to-month,Bank transfer,1903.93,1,100.20684210526316,1202.482105263158
1252,30,59.1,0,One year,Bank transfer,1788.58,1,57.696129032258064,692.3535483870968
1253,6,114.83,1,One year,Credit card,636.11,1,90.87285714285714,1090.4742857142858
1254,57,81.59,1,One year,Credit card,4731.76,0,81.58206896551725,978.9848275862071
1255,47,22.75,0,One year,Mailed check,1054.61,0,21.971041666666665,263.6525
1256,7,107.36,1,One year,Bank transfer,728.74,1,91.0925,1093.1100000000001
1257,16,63.82,1,One year,Credit card,879.64,1,51.743529411764705,620.9223529411764
1258,40,25.58,0,Month-to-month,Mailed check,1054.92,0,25.729756097560976,308.7570731707317
1259,39,26.8,0,Month-to-month,Credit card,1050.25,0,26.25625,315.07500000000005
1260,57,85.63,1,Month-to-month,Bank transfer,4885.91,0,84.2398275862069,1010.8779310344828
1261,19,15.21,0,Month-to-month,Credit card,268.85,0,13.4425,161.31
1262,66,41.53,0,Month-to-month,Mailed check,2712.22,0,40.48089552238806,485.7707462686567
1263,32,25.38,1,Month-to-month,Credit card,793.68,1,24.05090909090909,288.6109090909091
1264,59,58.52,0,Month-to-month,Credit card,3475.84,1,57.93066666666667,695.168
1265,17,55.58,2,Month-to-month,Bank transfer,976.82,1,54.26777777777778,651.2133333333334
1266,3,67.41,1,Month-to-month,Credit card,190.68,1,47.67,572.04
1267,4,40.76,1,One year,Mailed check,210.49,1,42.098,505.176
1268,27,13.52,1,Month-to-month,Bank transfer,361.09,0,12.896071428571428,154.75285714285712
1269,68,77.58,3,One year,Credit card,5250.23,0,76.09028985507246,913.0834782608695
1270,4,51.11,1,Month-to-month,Credit card,214.36,1,42.872,514.4639999999999
1271,27,81.65,1,Two year,Mailed check,2136.58,0,76.30642857142857,915.6771428571428
1272,8,21.95,1,One year,Bank transfer,187.24,0,20.804444444444446,249.65333333333336
1273,67,11.52,1,Month-to-month,Mailed check,694.73,0,10.216617647058824,122.59941176470588
1274,48,37.31,0,Two year,Credit card,1739.49,0,35.49979591836735,425.9975510204082
1275,55,60.22,2,Month-to-month,Mailed check,3211.17,1,57.34232142857143,688.1078571428571
1276,51,53.35,1,Month-to-month,Bank transfer,2712.09,1,52.15557692307693,625.8669230769232
1277,47,99.13,0,One year,Bank transfer,4739.59,0,98.74145833333334,1184.8975
1278,55,51.56,1,Month-to-month,Credit card,2829.95,0,50.534821428571426,606.4178571428571
1279,1,68.35,1,Month-to-month,Credit card,100.53,1,50.265,603.1800000000001
1280,62,75.29,2,Month-to-month,Mailed check,4785.6,1,75.96190476190476,911.5428571428572
1281,53,12.4,0,Month-to-month,Mailed check,677.4,0,12.544444444444444,150.53333333333333
1282,53,66.66,2,Month-to-month,Credit card,3494.72,1,64.71703703703703,776.6044444444444
1283,28,47.93,1,Month-to-month,Mailed check,1310.66,0,45.19517241379311,542.3420689655173
1284,57,56.34,0,Month-to-month,Credit card,3211.41,1,55.36913793103448,664.4296551724137
1285,28,21.03,1,One year,Credit card,557.2,1,19.21379310344828,230.56551724137933
1286,4,96.11,1,Month-to-month,Credit card,356.54,1,71.308,855.6960000000001
1287,65,113.66,0,Month-to-month,Credit card,7437.16,1,112.68424242424243,1352.2109090909091
1288,17,12.45,1,One year,Credit card,262.96,1,14.608888888888888,175.30666666666667
1289,8,76.15,1,Month-to-month,Credit card,526.86,1,58.54,702.48
1290,45,94.02,4,Month-to-month,Credit card,4189.99,1,91.08673913043478,1093.0408695652172
1291,17,41.33,1,One year,Bank transfer,679.41,1,37.745,452.93999999999994
1292,61,96.63,1,Two year,Mailed check,5924.38,0,95.55451612903227,1146.6541935483872
1293,32,79.56,0,Month-to-month,Bank transfer,2603.07,0,78.8809090909091,946.5709090909093
1294,1,112.21,0,Month-to-month,Credit card,247.31,1,123.655,1483.8600000000001
1295,68,117.91,1,One year,Bank transfer,7994.6,0,115.86376811594204,1390.3652173913044
1296,37,14.66,2,Two year,Credit card,521.63,0,13.727105263157895,164.72526315789474
1297,19,58.94,1,Month-to-month,Bank transfer,1149.29,0,57.4645,689.5740000000001
1298,49,70.17,2,Month-to-month,Bank transfer,3404.22,0,68.0844,817.0128
1299,38,26.14,0,Month-to-month,Credit card,986.27,0,25.288974358974357,303.4676923076923
1300,3,46.99,1,Month-to-month,Credit card,120.22,1,30.055,360.65999999999997
1301,54,118.64,0,Two year,Mailed check,6275.48,0,114.09963636363635,1369.1956363636361
1302,29,11.79,1,One year,Mailed check,348.07,0,11.602333333333332,139.22799999999998
1303,50,59.78,1,Month-to-month,Bank transfer,2979.88,1,58.42901960784314,701.1482352941176
1304,64,102.69,1,One year,Mailed check,6635.72,0,102.08800000000001,1225.056
1305,44,45.63,1,One year,Mailed check,2007.99,0,44.622,535.4639999999999
1306,48,62.78,0,Month-to-month,Credit card,2950.7,0,60.21836734693877,722.6204081632652
1307,19,117.59,1,One year,Bank transfer,2221.31,0,111.0655,1332.786
1308,17,62.24,2,Month-to-month,Credit card,953.53,0,52.97388888888889,635.6866666666666
1309,30,24.4,0,Month-to-month,Bank transfer,671.45,0,21.65967741935484,259.9161290322581
1310,61,15.69,0,Month-to-month,Credit card,988.87,0,15.949516129032258,191.39419354838708
1311,38,114.0,0,Month-to-month,Mailed check,4319.63,1,110.7597435897436,1329.116923076923
1312,25,39.24,1,Two year,Bank transfer,1027.13,0,39.505,474.06000000000006
1313,56,65.45,2,Month-to-month,Credit card,3566.86,0,62.576491228070175,750.9178947368421
1314,61,19.98,1,Month-to-month,Credit card,1206.66,0,19.46225806451613,233.54709677419356
1315,65,56.6,1,Month-to-month,Credit card,3655.22,0,55.382121212121206,664.5854545454545
1316,22,112.31,1,Month-to-month,Bank transfer,2518.61,1,109.50478260869566,1314.057391304348
1317,51,65.27,2,Month-to-month,Mailed check,3362.41,1,64.66173076923077,775.9407692307693
1318,42,116.82,1,One year,Credit card,4938.55,0,114.85000000000001,1378.2
1319,32,38.47,1,Month-to-month,Bank transfer,1308.11,1,39.63969696969696,475.6763636363636
1320,29,65.5,0,Month-to-month,Bank transfer,1881.1,1,62.70333333333333,752.44
1321,9,104.55,1,One year,Credit card,1007.7,1,100.77000000000001,1209.2400000000002
1322,20,59.31,0,Month-to-month,Bank transfer,1133.99,0,53.99952380952381,647.9942857142858
1323,40,40.74,3,One year,Credit card,1575.56,0,38.42829268292683,461.13951219512194
1324,63,104.1,1,Month-to-month,Credit card,6595.94,1,103.0615625,1236.73875
1325,62,52.89,2,Month-to-month,Credit card,3203.94,1,50.85619047619048,610.2742857142857
1326,14,68.38,2,One year,Mailed check,985.96,1,65.73066666666666,788.768
1327,49,117.42,4,One year,Credit card,5758.65,1,115.17299999999999,1382.0759999999998
1328,7,30.51,0,One year,Credit card,267.16,1,33.395,400.74
1329,48,43.15,0,Month-to-month,Bank transfer,2068.23,0,42.208775510204084,506.50530612244904
1330,25,13.42,2,Month-to-month,Mailed check,338.3,1,13.011538461538462,156.13846153846154
1331,32,53.1,0,One year,Bank transfer,1724.66,0,52.262424242424245,627.149090909091
1332,51,32.02,0,Month-to-month,Credit card,1599.89,0,30.767115384615387,369.2053846153847
1333,31,84.8,2,One year,Bank transfer,2593.49,0,81.0465625,972.5587499999999
1334,58,29.95,3,Month-to-month,Credit card,1760.82,0,29.844406779661014,358.13288135593217
1335,38,84.23,3,One year,Bank transfer,3199.28,1,82.03282051282052,984.3938461538462
1336,71,38.98,2,Month-to-month,Credit card,2747.21,0,38.15569444444444,457.86833333333334
1337,46,49.07,1,Month-to-month,Credit card,2253.08,0,47.93787234042553,575.2544680851063
1338,22,48.37,1,Month-to-month,Credit card,1143.87,1,49.73347826086956,596.8017391304347
1339,56,88.84,1,Month-to-month,Bank transfer,4952.89,0,86.89280701754386,1042.7136842105263
1340,29,61.32,2,One year,Credit card,1754.68,0,58.489333333333335,701.8720000000001
1341,38,49.74,0,Month-to-month,Credit card,1804.75,0,46.27564102564103,555.3076923076924
1342,10,103.79,0,Month-to-month,Bank transfer,1035.78,0,94.16181818181818,1129.9418181818182
1343,9,72.91,2,Two year,Bank transfer,689.03,1,68.90299999999999,826.8359999999999
1344,41,33.52,0,One year,Credit card,1416.13,0,33.71738095238096,404.6085714285715
1345,14,109.01,0,Month-to-month,Bank transfer,1531.55,1,102.10333333333332,1225.2399999999998
1346,71,47.69,0,Two year,Bank transfer,3433.78,1,47.691388888888895,572.2966666666667
1347,61,14.29,2,Month-to-month,Credit card,908.25,0,14.649193548387096,175.79032258064515
1348,50,64.41,1,One year,Mailed check,3276.15,0,64.23823529411764,770.8588235294117
1349,53,23.63,1,Month-to-month,Mailed check,1301.61,0,24.103888888888886,289.2466666666666
1350,43,36.23,3,Month-to-month,Credit card,1636.39,1,37.19068181818182,446.2881818181819
1351,5,92.18,1,Month-to-month,Credit card,452.42,1,75.40333333333334,904.84
1352,28,24.38,1,Month-to-month,Credit card,616.29,1,21.251379310344827,255.0165517241379
1353,36,98.76,0,Month-to-month,Credit card,3588.55,1,96.98783783783784,1163.8540540540541
1354,65,113.06,0,Month-to-month,Bank transfer,7387.93,1,111.93833333333333,1343.26
1355,16,76.72,1,One year,Mailed check,1306.02,0,76.82470588235294,921.8964705882354
1356,36,88.14,1,Month-to-month,Mailed check,3237.1,1,87.48918918918919,1049.8702702702703
1357,25,88.49,2,Month-to-month,Credit card,2309.52,0,88.8276923076923,1065.9323076923076
1358,10,119.21,1,Two year,Credit card,1223.09,1,111.19,1334.28
1359,8,47.57,1,One year,Credit card,392.0,0,43.55555555555556,522.6666666666667
1360,26,27.91,1,Two year,Bank transfer,656.41,0,24.31148148148148,291.73777777777775
1361,6,67.11,1,Month-to-month,Credit card,418.06,1,59.722857142857144,716.6742857142857
1362,5,68.66,2,Month-to-month,Mailed check,315.67,1,52.61166666666667,631.34
1363,25,29.57,0,Month-to-month,Mailed check,749.83,1,28.839615384615385,346.0753846153846
1364,15,77.44,0,Month-to-month,Credit card,1164.33,1,72.770625,873.2475
1365,40,11.55,0,Month-to-month,Bank transfer,485.59,0,11.843658536585366,142.1239024390244
1366,2,112.04,0,Two year,Bank transfer,219.21,1,73.07000000000001,876.8400000000001
1367,22,39.1,1,One year,Mailed check,906.95,0,39.43260869565218,473.19130434782613
1368,33,14.35,1,One year,Bank transfer,337.39,0,9.923235294117646,119.07882352941175
1369,69,21.91,0,Month-to-month,Credit card,1521.29,0,21.732714285714284,260.7925714285714
1370,46,36.43,1,One year,Bank transfer,1735.9,1,36.93404255319149,443.20851063829787
1371,63,40.13,1,Month-to-month,Credit card,2621.69,0,40.96390625,491.566875
1372,25,13.61,2,Two year,Bank transfer,376.85,0,14.49423076923077,173.93076923076924
1373,32,40.73,2,Month-to-month,Credit card,1387.6,0,42.04848484848485,504.58181818181816
1374,30,31.22,3,Month-to-month,Bank transfer,945.05,1,30.48548387096774,365.8258064516129
1375,64,51.65,1,Month-to-month,Mailed check,3305.74,0,50.85753846153846,610.2904615384615
1376,69,52.37,1,One year,Credit card,3640.0,0,52.0,624.0
1377,69,47.29,0,Two year,Credit card,3262.85,0,46.61214285714286,559.3457142857143
1378,54,46.07,0,Two year,Bank transfer,2448.66,0,44.52109090909091,534.2530909090909
1379,36,19.87,1,One year,Credit card,689.56,0,18.636756756756757,223.6410810810811
1380,39,12.77,0,Two year,Bank transfer,442.42,0,11.060500000000001,132.726
1381,70,32.23,0,One year,Bank transfer,2282.52,0,32.14816901408451,385.7780281690141
1382,21,93.23,1,Month-to-month,Credit card,1958.4,1,89.01818181818182,1068.2181818181818
1383,25,118.99,0,One year,Mailed check,2956.74,1,113.72076923076922,1364.6492307692306
1384,64,112.14,1,Month-to-month,Bank transfer,7148.63,0,109.97892307692308,1319.747076923077
1385,28,65.46,3,Month-to-month,Bank transfer,1858.13,1,64.07344827586208,768.881379310345
1386,17,68.5,1,Month-to-month,Credit card,1203.52,1,66.86222222222221,802.3466666666666
1387,40,44.6,0,Month-to-month,Credit card,1727.47,0,42.13341463414634,505.6009756097561
1388,24,95.13,0,Two year,Credit card,2218.74,1,88.74959999999999,1064.9951999999998
1389,64,94.12,0,Two year,Mailed check,6071.41,0,93.40630769230769,1120.8756923076924
1390,65,102.87,1,Month-to-month,Mailed check,6617.79,1,100.26954545454545,1203.2345454545455
1391,22,108.51,0,One year,Mailed check,2414.59,0,104.98217391304348,1259.7860869565218
1392,38,57.78,1,Month-to-month,Credit card,2276.49,1,58.37153846153846,700.4584615384615
1393,70,94.36,0,Month-to-month,Bank transfer,6686.16,0,94.1712676056338,1130.0552112676055
1394,53,98.7,0,Month-to-month,Bank transfer,5267.99,0,97.55537037037037,1170.6644444444444
1395,16,43.93,0,Month-to-month,Bank transfer,738.32,1,43.430588235294124,521.1670588235295
1396,42,112.22,0,Month-to-month,Credit card,4825.84,1,112.22883720930233,1346.7460465116278
1397,45,20.38,2,Month-to-month,Mailed check,800.38,1,17.399565217391306,208.79478260869567
1398,47,119.37,1,Month-to-month,Credit card,5587.17,0,116.399375,1396.7925
1399,2,94.71,1,Month-to-month,Credit card,231.84,1,77.28,927.36
1400,22,20.26,0,Two year,Mailed check,428.86,0,18.64608695652174,223.75304347826085
1401,61,82.19,1,Month-to-month,Bank transfer,5075.58,1,81.86419354838709,982.370322580645
1402,18,13.76,0,Month-to-month,Credit card,245.71,0,12.932105263157895,155.18526315789475
1403,22,94.72,0,Month-to-month,Bank transfer,2090.43,0,90.88826086956522,1090.6591304347826
1404,23,97.91,1,Month-to-month,Mailed check,2238.2,1,93.25833333333333,1119.1
1405,13,76.27,1,Month-to-month,Credit card,965.38,0,68.95571428571428,827.4685714285713
1406,12,104.25,1,Month-to-month,Bank transfer,1223.64,1,94.12615384615385,1129.5138461538463
1407,25,20.77,0,One year,Credit card,532.81,0,20.492692307692305,245.91230769230765
1408,63,40.35,2,Month-to-month,Credit card,2503.32,0,39.114375,469.37250000000006
1409,1,55.56,0,One year,Credit card,103.22,1,51.61,619.3199999999999
1410,21,14.67,4,Month-to-month,Bank transfer,340.73,0,15.487727272727273,185.8527272727273
1411,5,59.3,1,Month-to-month,Credit card,351.47,0,58.57833333333334,702.94
1412,40,39.17,2,Month-to-month,Credit card,1510.35,0,36.83780487804878,442.0536585365853
1413,18,53.2,2,Month-to-month,Bank transfer,872.63,1,45.927894736842106,551.1347368421052
1414,57,56.76,1,Month-to-month,Bank transfer,3235.11,1,55.77775862068966,669.3331034482759
1415,42,106.74,5,Month-to-month,Bank transfer,4628.02,1,107.62837209302326,1291.5404651162792
1416,56,39.74,1,Month-to-month,Mailed check,2288.75,0,40.15350877192982,481.84210526315786
1417,46,108.31,2,One year,Credit card,4954.54,0,105.41574468085106,1264.9889361702128
1418,32,56.86,2,Month-to-month,Credit card,1840.75,1,55.78030303030303,669.3636363636364
1419,62,46.06,2,Month-to-month,Bank transfer,2892.1,0,45.906349206349205,550.8761904761905
1420,34,65.28,0,One year,Bank transfer,2151.1,1,61.46,737.52
1421,68,55.95,2,Month-to-month,Credit card,3873.08,1,56.13159420289855,673.5791304347825
1422,71,38.31,1,One year,Credit card,2711.64,1,37.66166666666666,451.93999999999994
1423,42,65.29,2,Two year,Credit card,2737.65,0,63.66627906976744,763.9953488372093
1424,48,26.7,3,Two year,Credit card,1282.79,0,26.17938775510204,314.1526530612245
1425,19,48.71,0,Month-to-month,Mailed check,982.72,0,49.136,589.6320000000001
1426,58,72.24,0,Month-to-month,Bank transfer,4152.16,0,70.37559322033898,844.5071186440678
1427,48,55.47,2,One year,Credit card,2577.21,0,52.59612244897959,631.1534693877551
1428,65,100.63,1,One year,Bank transfer,6557.1,0,99.35000000000001,1192.2
1429,19,38.24,2,One year,Bank transfer,624.38,0,31.219,374.62800000000004
1430,56,116.67,0,Month-to-month,Credit card,6518.46,0,114.35894736842106,1372.3073684210526
1431,34,96.32,0,Month-to-month,Credit card,3334.22,0,95.26342857142856,1143.1611428571427
1432,14,116.44,1,Month-to-month,Bank transfer,1659.11,1,110.60733333333333,1327.288
1433,13,102.2,1,Month-to-month,Credit card,1380.72,1,98.62285714285714,1183.4742857142858
1434,40,25.63,1,Month-to-month,Bank transfer,1056.22,1,25.761463414634147,309.13756097560974
1435,23,67.91,0,Two year,Bank transfer,1682.45,1,70.10208333333334,841.2250000000001
1436,8,28.7,2,Month-to-month,Bank transfer,200.19,0,22.243333333333332,266.91999999999996
1437,31,100.01,0,One year,Mailed check,3120.22,0,97.506875,1170.0825
1438,47,74.26,2,Two year,Bank transfer,3468.31,1,72.25645833333333,867.0774999999999
1439,23,38.98,0,Month-to-month,Bank transfer,944.38,1,39.34916666666667,472.19000000000005
1440,68,112.26,0,Month-to-month,Credit card,7630.6,0,110.58840579710146,1327.0608695652174
1441,56,22.67,2,One year,Bank transfer,1355.46,0,23.78,285.36
1442,37,72.02,1,Month-to-month,Mailed check,2638.2,1,69.42631578947368,833.1157894736841
1443,67,89.31,1,Month-to-month,Mailed check,6054.13,0,89.03132352941176,1068.375882352941
1444,31,16.47,0,One year,Mailed check,540.23,0,16.8821875,202.58625
1445,10,75.76,1,One year,Credit card,755.98,0,68.72545454545455,824.7054545454546
1446,3,99.75,3,One year,Bank transfer,326.37,1,81.5925,979.11
1447,67,17.43,1,Two year,Mailed check,1180.87,0,17.365735294117645,208.38882352941175
1448,69,66.35,2,Month-to-month,Bank transfer,4595.95,1,65.65642857142856,787.8771428571428
1449,53,38.44,0,One year,Bank transfer,2026.98,0,37.53666666666667,450.44000000000005
1450,8,82.92,3,One year,Bank transfer,628.28,0,69.80888888888889,837.7066666666667
1451,21,23.05,3,One year,Bank transfer,467.3,0,21.240909090909092,254.8909090909091
1452,3,113.08,3,One year,Credit card,255.08,1,63.77,765.24
1453,4,108.42,1,One year,Credit card,475.78,1,95.15599999999999,1141.8719999999998
1454,18,30.46,1,Two year,Mailed check,486.52,1,25.606315789473683,307.2757894736842
1455,41,45.56,0,Month-to-month,Mailed check,1857.08,0,44.21619047619048,530.5942857142857
1456,5,74.64,4,One year,Mailed check,405.6,1,67.60000000000001,811.2
1457,70,88.99,1,Month-to-month,Credit card,6271.27,0,88.32774647887325,1059.9329577464791
1458,33,58.69,0,Month-to-month,Credit card,1848.04,1,54.35411764705882,652.2494117647059
1459,19,27.19,1,One year,Credit card,512.02,0,25.601,307.212
1460,37,21.46,2,One year,Mailed check,817.01,0,21.500263157894736,258.00315789473683
1461,57,119.97,0,Month-to-month,Bank transfer,6840.89,0,117.94637931034484,1415.3565517241382
1462,23,60.09,1,Month-to-month,Mailed check,1449.27,0,60.38625,724.635
1463,4,105.98,1,Month-to-month,Credit card,382.83,1,76.566,918.792
1464,4,63.06,2,Month-to-month,Bank transfer,149.79,1,29.958,359.496
1465,61,111.46,0,Month-to-month,Bank transfer,6839.58,0,110.3158064516129,1323.7896774193548
1466,8,19.65,1,Two year,Credit card,130.35,1,14.483333333333333,173.79999999999998
1467,46,22.54,0,Month-to-month,Mailed check,948.91,0,20.189574468085105,242.27489361702126
1468,28,112.26,2,Two year,Bank transfer,3135.35,1,108.11551724137931,1297.3862068965518
1469,56,114.22,2,Month-to-month,Credit card,6457.85,0,113.29561403508772,1359.5473684210526
1470,5,44.62,1,One year,Credit card,159.94,1,26.656666666666666,319.88
1471,64,49.07,1,Month-to-month,Mailed check,3257.28,0,50.112,601.344
1472,50,59.77,1,One year,Bank transfer,2946.61,0,57.77666666666667,693.32
1473,32,55.78,1,One year,Bank transfer,1789.31,0,54.22151515151515,650.6581818181818
1474,15,30.9,1,One year,Bank transfer,402.54,0,25.15875,301.90500000000003
1475,70,108.82,2,Two year,Credit card,7619.48,0,107.31661971830985,1287.799436619718
1476,22,37.86,0,Month-to-month,Bank transfer,826.23,0,35.92304347826087,431.0765217391305
1477,35,87.58,0,Month-to-month,Mailed check,2990.83,1,83.07861111111112,996.9433333333334
1478,28,17.39,1,Month-to-month,Credit card,628.21,0,21.66241379310345,259.9489655172414
1479,17,14.26,1,One year,Bank transfer,217.65,0,12.091666666666667,145.1
1480,30,81.91,0,Month-to-month,Credit card,2432.58,0,78.47032258064516,941.6438709677419
1481,11,47.29,2,Month-to-month,Credit card,568.64,1,47.38666666666666,568.64
1482,1,82.1,1,Month-to-month,Credit card,172.81,1,86.405,1036.8600000000001
1483,21,20.34,1,Month-to-month,Mailed check,483.46,1,21.975454545454543,263.70545454545453
1484,8,114.48,2,One year,Credit card,855.78,1,95.08666666666666,1141.04
1485,30,92.34,5,One year,Credit card,2780.9,1,89.70645161290322,1076.4774193548387
1486,62,106.39,1,One year,Bank transfer,6502.11,1,103.20809523809524,1238.497142857143
1487,12,25.01,1,One year,Credit card,345.21,1,26.55461538461538,318.6553846153846
1488,1,45.22,1,Two year,Bank transfer,0.0,0,0.0,0.0
1489,8,50.52,1,Month-to-month,Mailed check,364.0,0,40.44444444444444,485.3333333333333
1490,37,69.09,1,Two year,Credit card,2556.17,0,67.26763157894737,807.2115789473685
1491,20,42.66,0,Month-to-month,Credit card,875.45,0,41.688095238095244,500.2571428571429
1492,35,16.67,4,One year,Mailed check,570.4,0,15.844444444444443,190.13333333333333
1493,3,50.58,1,One year,Credit card,227.69,1,56.9225,683.0699999999999
1494,24,38.0,1,Month-to-month,Credit card,948.16,0,37.9264,455.1168
1495,30,52.45,0,Month-to-month,Mailed check,1605.74,1,51.79806451612903,621.5767741935483
1496,31,31.67,2,Month-to-month,Mailed check,920.3,0,28.759375,345.11249999999995
1497,40,38.81,2,Month-to-month,Bank transfer,1637.37,0,39.93585365853658,479.23024390243893
1498,56,78.96,1,Two year,Bank transfer,4381.61,0,76.87035087719298,922.4442105263157
1499,34,52.7,0,Month-to-month,Mailed check,1878.68,1,53.67657142857143,644.1188571428571
1500,60,47.99,1,Month-to-month,Bank transfer,2980.51,0,48.86081967213115,586.3298360655738
